BEGIN TRANSACTION;
CREATE TABLE IF NOT EXISTS `regions_eng` (
	`region_code`	INTEGER NOT NULL,
	`region_name`	VARCHAR ( 64 ),
	`explain`	VARCHAR ( 64 ),
	PRIMARY KEY(`region_code`)
);
INSERT INTO `regions_eng` VALUES (1,'종로구','aa');
INSERT INTO `regions_eng` VALUES (2,'중구','bb');
INSERT INTO `regions_eng` VALUES (3,'용산구','cc');
INSERT INTO `regions_eng` VALUES (4,'성동구','dd');
INSERT INTO `regions_eng` VALUES (5,'광진구','ee');
INSERT INTO `regions_eng` VALUES (6,'동대문구','ff');
INSERT INTO `regions_eng` VALUES (7,'중랑구','gg');
INSERT INTO `regions_eng` VALUES (8,'성북구','hh');
INSERT INTO `regions_eng` VALUES (9,'강북구','ii');
INSERT INTO `regions_eng` VALUES (10,'도봉구','jj');
INSERT INTO `regions_eng` VALUES (11,'노원구','kk');
INSERT INTO `regions_eng` VALUES (12,'은평구','ll');
INSERT INTO `regions_eng` VALUES (13,'서대문구','mm');
INSERT INTO `regions_eng` VALUES (14,'마포구','nn');
INSERT INTO `regions_eng` VALUES (15,'양천구','oo');
INSERT INTO `regions_eng` VALUES (16,'강서구','pp');
INSERT INTO `regions_eng` VALUES (17,'구로구','qq');
INSERT INTO `regions_eng` VALUES (18,'금천구','rr');
INSERT INTO `regions_eng` VALUES (19,'영등포구','ss');
INSERT INTO `regions_eng` VALUES (20,'동작구','tt');
INSERT INTO `regions_eng` VALUES (21,'관악구','uu');
INSERT INTO `regions_eng` VALUES (22,'서초구','vv');
INSERT INTO `regions_eng` VALUES (23,'강남구','ww');
INSERT INTO `regions_eng` VALUES (24,'송파구','xx');
INSERT INTO `regions_eng` VALUES (25,'강동구','yy');
INSERT INTO `regions_eng` VALUES (26,'기타','zz');
CREATE TABLE IF NOT EXISTS `regions` (
	`region_code`	INTEGER NOT NULL,
	`region_name`	VARCHAR ( 64 ),
	`explain`	VARCHAR ( 64 ),
	PRIMARY KEY(`region_code`)
);
INSERT INTO `regions` VALUES (1,'종로구','aa');
INSERT INTO `regions` VALUES (2,'중구','bb');
INSERT INTO `regions` VALUES (3,'용산구','cc');
INSERT INTO `regions` VALUES (4,'성동구','dd');
INSERT INTO `regions` VALUES (5,'광진구','ee');
INSERT INTO `regions` VALUES (6,'동대문구','ff');
INSERT INTO `regions` VALUES (7,'중랑구','gg');
INSERT INTO `regions` VALUES (8,'성북구','hh');
INSERT INTO `regions` VALUES (9,'강북구','ii');
INSERT INTO `regions` VALUES (10,'도봉구','jj');
INSERT INTO `regions` VALUES (11,'노원구','kk');
INSERT INTO `regions` VALUES (12,'은평구','ll');
INSERT INTO `regions` VALUES (13,'서대문구','mm');
INSERT INTO `regions` VALUES (14,'마포구','nn');
INSERT INTO `regions` VALUES (15,'양천구','oo');
INSERT INTO `regions` VALUES (16,'강서구','pp');
INSERT INTO `regions` VALUES (17,'구로구','qq');
INSERT INTO `regions` VALUES (18,'금천구','rr');
INSERT INTO `regions` VALUES (19,'영등포구','ss');
INSERT INTO `regions` VALUES (20,'동작구','tt');
INSERT INTO `regions` VALUES (21,'관악구','uu');
INSERT INTO `regions` VALUES (22,'서초구','vv');
INSERT INTO `regions` VALUES (23,'강남구','ww');
INSERT INTO `regions` VALUES (24,'송파구','xx');
INSERT INTO `regions` VALUES (25,'강동구','yy');
INSERT INTO `regions` VALUES (26,'기타','zz');
CREATE TABLE IF NOT EXISTS `questions_eng` (
	`question_code`	INTEGER NOT NULL,
	`region_code`	INTEGER,
	`train_code`	VARCHAR ( 64 ),
	`question_name`	VARCHAR ( 64 ),
	`line`	VARCHAR ( 64 ),
	`foreign_code`	VARCHAR ( 64 ),
	`x_coordinate`	FLOAT,
	`y_coordinate`	FLOAT,
	`question`	VARCHAR ( 64 ),
	`answer`	VARCHAR ( 64 ),
	`hint`	VARCHAR ( 64 ),
	`content_type`	VARCHAR ( 64 ),
	PRIMARY KEY(`question_code`),
	FOREIGN KEY(`region_code`) REFERENCES `regions_eng`(`region_code`)
);
INSERT INTO `questions_eng` VALUES (1,1,'1907','가능','1','109',37.748577,127.044213,'1+1=2 ?','1.0','힌트지롱','ox');
INSERT INTO `questions_eng` VALUES (2,1,'3216','가재울','I2','I216',37.484192,126.683673,'한국의 수도는?','seoul','힌트지롱','default');
INSERT INTO `questions_eng` VALUES (3,1,'3211','가정','I2','I211',37.524649,126.675539,'1+1=3 ?','2.0','힌트지롱','ox');
INSERT INTO `questions_eng` VALUES (4,1,'3212','가정중앙시장','I2','I212',37.517054,126.676672,'1+1=2 ?','1.0','힌트지롱','ox');
INSERT INTO `questions_eng` VALUES (5,1,'1851','가천대','B','K223',37.448605,127.126697,'한국의 수도는?','seoul','힌트지롱','default');
INSERT INTO `questions_eng` VALUES (6,1,'1816','간석','1','155',37.464737,126.694181,'1+1=3 ?','2.0','힌트지롱','ox');
INSERT INTO `questions_eng` VALUES (7,1,'4502','강남대','E','Y111',37.270161,127.126033,'1+1=2 ?','1.0','힌트지롱','ox');
INSERT INTO `questions_eng` VALUES (8,1,'1269','강매','K','K319',37.612314,126.843223,'한국의 수도는?','seoul','힌트지롱','default');
INSERT INTO `questions_eng` VALUES (9,1,'0317','경복궁','3','327',37.575762,126.97353,'1+1=3 ?','2.0','힌트지롱','ox');
INSERT INTO `questions_eng` VALUES (10,1,'2534','광화문','5','533',37.571026,126.976669,'1+1=2 ?','1.0','힌트지롱','ox');
INSERT INTO `questions_eng` VALUES (11,1,'2637','동묘앞','6','636',37.572627,127.016429,'한국의 수도는?','seoul','힌트지롱','default');
INSERT INTO `questions_eng` VALUES (12,1,'0159','동묘앞','1','127',37.572627,127.016429,'1+1=3 ?','x','힌트지롱','ox');
INSERT INTO `questions_eng` VALUES (13,1,'0318','안국','3','328',37.576477,126.985443,'1+1=4 ?','x','힌트지롱','ox');
INSERT INTO `questions_eng` VALUES (14,1,'0152','종각','1','131',37.570161,126.982923,'1+1=5 ?','x','힌트지롱','ox');
INSERT INTO `questions_eng` VALUES (15,1,'2535','종로3가','5','534',37.571607,126.991806,'1+1=6 ?','x','힌트지롱','ox');
INSERT INTO `questions_eng` VALUES (16,1,'0319','종로3가','3','329',37.571607,126.991806,'1+1=7 ?','x','힌트지롱','');
INSERT INTO `questions_eng` VALUES (17,1,'0153','종로3가','1','130',37.571607,126.991806,'1+1=8 ?','x','힌트지롱','ox');
INSERT INTO `questions_eng` VALUES (18,1,'0154','종로5가','1','129',37.570926,127.001849,'1+1=9 ?','x','힌트지롱','ox');
INSERT INTO `questions_eng` VALUES (19,1,'2638','창신','6','637',37.579661,127.015241,'1+1=10 ?','x','힌트지롱','ox');
INSERT INTO `questions_eng` VALUES (20,1,'0420','혜화','4','420',37.582336,127.001844,'1+1=11 ?','x','힌트지롱','ox');
INSERT INTO `questions_eng` VALUES (21,2,'3203','검단사거리','I2','I203',37.60185,126.657108,'1+1=12 ?','x','힌트지롱','ox');
INSERT INTO `questions_eng` VALUES (22,2,'3201','검단오류','I2','I201',37.594877,126.627178,'1+1=13 ?','x','힌트지롱','ox');
INSERT INTO `questions_eng` VALUES (23,2,'3208','검바위','I2','I208',37.561405,126.677566,'1+1=14 ?','x','힌트지롱','ox');
INSERT INTO `questions_eng` VALUES (24,2,'3207','검암','I2','I207',37.569104,126.673728,'1+1=15 ?','x','힌트지롱','ox');
INSERT INTO `questions_eng` VALUES (25,2,'4209','검암','A','A07',37.569104,126.673728,'1+1=16 ?','x','힌트지롱','ox');
INSERT INTO `questions_eng` VALUES (26,2,'1504','경기광주','KK','K413',37.399907,127.25263,'1+1=17 ?','x','힌트지롱','ox');
INSERT INTO `questions_eng` VALUES (27,2,'4610','경기도청북부청사','U','U120',37.75059,127.071495,'1+1=18 ?','x','힌트지롱','ox');
INSERT INTO `questions_eng` VALUES (28,2,'1451','경마공원','4','436',37.443885,127.007888,'1+1=19 ?','x','힌트지롱','ox');
INSERT INTO `questions_eng` VALUES (29,2,'4604','경전철의정부','U','U113',37.737202,127.043257,'1+1=20 ?','x','힌트지롱','ox');
INSERT INTO `questions_eng` VALUES (30,2,'4208','계양','A','A06',37.571462,126.735637,'1+1=21 ?','x','힌트지롱','ox');
INSERT INTO `questions_eng` VALUES (31,2,'2537','동대문역사문화공원','5','536',37.565138,127.007896,'1+1=22 ?','x','힌트지롱','ox');
INSERT INTO `questions_eng` VALUES (32,2,'0205','동대문역사문화공원','2','205',37.565138,127.007896,'1+1=23 ?','x','힌트지롱','ox');
INSERT INTO `questions_eng` VALUES (33,2,'0422','동대문역사문화공원','4','422',37.565138,127.007896,'1+1=24 ?','x','힌트지롱','ox');
INSERT INTO `questions_eng` VALUES (34,2,'0322','동대입구','3','332',37.559052,127.005602,'1+1=25 ?','x','힌트지롱','ox');
INSERT INTO `questions_eng` VALUES (35,2,'0424','명동','4','424',37.560989,126.986325,'1+1=26 ?','x','힌트지롱','ox');
INSERT INTO `questions_eng` VALUES (36,2,'1291','서울','A','A01',37.554648,126.972559,'1+1=27 ?','x','힌트지롱','ox');
INSERT INTO `questions_eng` VALUES (37,2,'0150','서울','1','133',37.554648,126.972559,'1+1=28 ?','x','힌트지롱','ox');
INSERT INTO `questions_eng` VALUES (38,2,'1251','서울(경의중앙선)','K','P313',37.556328,126.969522,'1+1=29 ?','x','힌트지롱','ox');
INSERT INTO `questions_eng` VALUES (39,2,'0201','시청','2','201',37.564718,126.977108,'1+1=30 ?','x','힌트지롱','ox');
INSERT INTO `questions_eng` VALUES (40,2,'0151','시청','1','132',37.564718,126.977108,'1+1=31 ?','x','힌트지롱','ox');
INSERT INTO `questions_eng` VALUES (41,2,'0206','신당','2','206',37.565972,127.01782,'1+1=32 ?','x','힌트지롱','ox');
INSERT INTO `questions_eng` VALUES (42,2,'2636','신당','6','635',37.565972,127.01782,'1+1=33 ?','x','힌트지롱','ox');
INSERT INTO `questions_eng` VALUES (43,2,'0323','약수','3','333',37.55434,127.010655,'1+1=34 ?','x','힌트지롱','ox');
INSERT INTO `questions_eng` VALUES (44,2,'2634','약수','6','633',37.55434,127.010655,'1+1=35 ?','x','힌트지롱','ox');
INSERT INTO `questions_eng` VALUES (45,2,'0320','을지로3가','3','330',37.566295,126.99191,'1+1=36 ?','x','힌트지롱','ox');
INSERT INTO `questions_eng` VALUES (46,2,'0203','을지로3가','2','203',37.566295,126.99191,'1+1=37 ?','x','힌트지롱','ox');
INSERT INTO `questions_eng` VALUES (47,2,'2536','을지로4가','5','535',37.566941,126.998079,'1+1=38 ?','x','힌트지롱','ox');
INSERT INTO `questions_eng` VALUES (48,2,'0204','을지로4가','2','204',37.566941,126.998079,'1+1=39 ?','x','힌트지롱','ox');
INSERT INTO `questions_eng` VALUES (49,2,'0202','을지로입구','2','202',37.566014,126.982618,'1+1=40 ?','x','힌트지롱','ox');
INSERT INTO `questions_eng` VALUES (50,2,'2635','청구','6','634',37.560245,127.013828,'1+1=41 ?','x','힌트지롱','ox');
INSERT INTO `questions_eng` VALUES (51,2,'2538','청구','5','537',37.560245,127.013828,'1+1=42 ?','x','힌트지롱','ox');
INSERT INTO `questions_eng` VALUES (52,2,'0321','충무로','3','331',37.561243,126.99428,'1+1=43 ?','x','힌트지롱','ox');
INSERT INTO `questions_eng` VALUES (53,2,'0423','충무로','4','423',37.561243,126.99428,'1+1=44 ?','x','힌트지롱','ox');
INSERT INTO `questions_eng` VALUES (54,2,'0425','회현','4','425',37.558514,126.978246,'1+1=45 ?','x','힌트지롱','ox');
INSERT INTO `questions_eng` VALUES (55,3,'1757','고잔','4','451',37.316777,126.823249,'1+1=46 ?','x','힌트지롱','ox');
INSERT INTO `questions_eng` VALUES (56,3,'4513','고진','E','Y121',37.24484,127.214251,'1+1=47 ?','x','힌트지롱','ox');
INSERT INTO `questions_eng` VALUES (57,3,'1272','곡산','K','K323',37.645676,126.801762,'1+1=48 ?','x','힌트지롱','ox');
INSERT INTO `questions_eng` VALUES (58,3,'4612','곤제','U','U122',37.750471,127.083715,'1+1=49 ?','x','힌트지롱','ox');
INSERT INTO `questions_eng` VALUES (59,3,'1506','곤지암','KK','K415',37.351315,127.34674,'1+1=50 ?','x','힌트지롱','ox');
INSERT INTO `questions_eng` VALUES (60,3,'4103','공항시장','9','903',37.563726,126.810678,'1+1=51 ?','x','힌트지롱','ox');
INSERT INTO `questions_eng` VALUES (61,3,'4212','공항화물청사','A','A09',37.458366,126.476241,'1+1=52 ?','x','힌트지롱','ox');
INSERT INTO `questions_eng` VALUES (62,3,'1453','과천','4','438',37.433021,126.996568,'1+1=53 ?','x','힌트지롱','ox');
INSERT INTO `questions_eng` VALUES (63,3,'1705','관악','1','P146',37.419232,126.908706,'1+1=54 ?','x','힌트지롱','ox');
INSERT INTO `questions_eng` VALUES (64,3,'4319','광교','S','D19',37.30211,127.044483,'1+1=55 ?','x','힌트지롱','ox');
INSERT INTO `questions_eng` VALUES (65,3,'4318','광교중앙','S','D18',37.288617,127.051478,'1+1=56 ?','x','힌트지롱','ox');
INSERT INTO `questions_eng` VALUES (66,3,'1750','광명','1','P144-1',37.416182,126.884466,'1+1=57 ?','x','힌트지롱','ox');
INSERT INTO `questions_eng` VALUES (67,3,'1205','구리','K','K123',37.603392,127.143869,'1+1=58 ?','x','힌트지롱','ox');
INSERT INTO `questions_eng` VALUES (68,3,'1863','구성','B','K235',37.298969,127.105664,'1+1=59 ?','x','힌트지롱','ox');
INSERT INTO `questions_eng` VALUES (69,3,'2630','녹사평','6','629',37.534675,126.986695,'1+1=60 ?','x','힌트지롱','ox');
INSERT INTO `questions_eng` VALUES (70,3,'2629','삼각지','6','628',37.534777,126.97311,'1+1=61 ?','x','힌트지롱','ox');
INSERT INTO `questions_eng` VALUES (71,3,'0428','삼각지','4','428',37.534777,126.97311,'1+1=62 ?','x','힌트지롱','ox');
INSERT INTO `questions_eng` VALUES (72,3,'1009','서빙고','K','K112',37.519594,126.988537,'1+1=63 ?','x','힌트지롱','ox');
INSERT INTO `questions_eng` VALUES (73,3,'0426','서울','4','426',37.554648,126.972559,'1+1=64 ?','x','힌트지롱','ox');
INSERT INTO `questions_eng` VALUES (74,3,'0427','숙대입구','4','427',37.54456,126.972106,'1+1=65 ?','x','힌트지롱','ox');
INSERT INTO `questions_eng` VALUES (75,3,'0429','신용산','4','429',37.52917,126.967894,'1+1=66 ?','x','힌트지롱','ox');
INSERT INTO `questions_eng` VALUES (76,3,'1290','용산','K','K110',37.529849,126.964561,'1+1=67 ?','x','힌트지롱','ox');
INSERT INTO `questions_eng` VALUES (77,3,'1003','용산','1','135',37.529849,126.964561,'1+1=68 ?','x','힌트지롱','ox');
INSERT INTO `questions_eng` VALUES (78,3,'1008','이촌','K','K111',37.522272,126.974345,'1+1=69 ?','x','힌트지롱','ox');
INSERT INTO `questions_eng` VALUES (79,3,'0430','이촌','4','430',37.522272,126.974345,'1+1=70 ?','x','힌트지롱','ox');
INSERT INTO `questions_eng` VALUES (80,3,'2631','이태원','6','630',37.534488,126.994302,'1+1=71 ?','x','힌트지롱','ox');
INSERT INTO `questions_eng` VALUES (81,3,'2632','한강진','6','631',37.539631,127.001725,'1+1=72 ?','x','힌트지롱','ox');
INSERT INTO `questions_eng` VALUES (82,3,'1010','한남','K','K113',37.52943,127.009169,'1+1=73 ?','x','힌트지롱','ox');
INSERT INTO `questions_eng` VALUES (83,3,'1261','효창공원앞','K','K826',37.539261,126.961351,'1+1=74 ?','x','힌트지롱','ox');
INSERT INTO `questions_eng` VALUES (84,3,'2628','효창공원앞','6','627',37.539261,126.961351,'1+1=75 ?','x','힌트지롱','ox');
INSERT INTO `questions_eng` VALUES (85,4,'1214','국수','K','K132',37.516169,127.399367,'1+1=76 ?','x','힌트지롱','ox');
INSERT INTO `questions_eng` VALUES (86,4,'1709','군포','1','P150',37.35356,126.948462,'1+1=77 ?','x','힌트지롱','ox');
INSERT INTO `questions_eng` VALUES (87,4,'2760','굴포천','7','758',37.506997,126.73128,'1+1=78 ?','x','힌트지롱','ox');
INSERT INTO `questions_eng` VALUES (88,4,'1279','금릉','K','K330',37.751322,126.765347,'1+1=79 ?','x','힌트지롱','ox');
INSERT INTO `questions_eng` VALUES (89,4,'1708','금정','1','P149',37.372221,126.943429,'1+1=80 ?','x','힌트지롱','ox');
INSERT INTO `questions_eng` VALUES (90,4,'1458','금정','4','443',37.372221,126.943429,'1+1=81 ?','x','힌트지롱','ox');
INSERT INTO `questions_eng` VALUES (91,4,'1280','금촌','K','K331',37.766217,126.774644,'1+1=82 ?','x','힌트지롱','ox');
INSERT INTO `questions_eng` VALUES (92,4,'0324','금호','3','334',37.548034,127.015872,'1+1=83 ?','x','힌트지롱','ox');
INSERT INTO `questions_eng` VALUES (93,4,'4501','기흥','E','Y110',37.275619,127.115936,'1+1=84 ?','x','힌트지롱','ox');
INSERT INTO `questions_eng` VALUES (94,4,'1865','기흥','B','K237',37.275619,127.115936,'1+1=85 ?','x','힌트지롱','ox');
INSERT INTO `questions_eng` VALUES (95,4,'4511','김량장','E','Y119',37.237247,127.198781,'1+1=86 ?','x','힌트지롱','ox');
INSERT INTO `questions_eng` VALUES (96,4,'2753','까치울','7','751',37.506207,126.810939,'1+1=87 ?','x','힌트지롱','ox');
INSERT INTO `questions_eng` VALUES (97,4,'3225','남동구청','I2','I225',37.448161,126.736939,'1+1=88 ?','x','힌트지롱','ox');
INSERT INTO `questions_eng` VALUES (98,4,'2543','답십리','5','542',37.566747,127.052704,'1+1=89 ?','x','힌트지롱','ox');
INSERT INTO `questions_eng` VALUES (99,4,'0210','뚝섬','2','210',37.547184,127.047367,'1+1=90 ?','x','힌트지롱','ox');
INSERT INTO `questions_eng` VALUES (100,4,'0207','상왕십리','2','207',37.564354,127.029354,'1+1=91 ?','x','힌트지롱','ox');
INSERT INTO `questions_eng` VALUES (101,4,'0211','성수','2','211',37.544581,127.055961,'1+1=92 ?','x','힌트지롱','ox');
INSERT INTO `questions_eng` VALUES (102,4,'2539','신금호','5','538',37.554548,127.020331,'1+1=93 ?','x','힌트지롱','ox');
INSERT INTO `questions_eng` VALUES (103,4,'0245','신답','2','211-2',37.57004,127.046481,'1+1=94 ?','x','힌트지롱','ox');
INSERT INTO `questions_eng` VALUES (104,4,'1011','옥수','K','K114',37.540685,127.017965,'1+1=95 ?','x','힌트지롱','ox');
INSERT INTO `questions_eng` VALUES (105,4,'0208','왕십리','2','208',37.561533,127.037732,'1+1=96 ?','x','힌트지롱','ox');
INSERT INTO `questions_eng` VALUES (106,4,'1845','왕십리','B','K210',37.561533,127.037732,'1+1=97 ?','x','힌트지롱','ox');
INSERT INTO `questions_eng` VALUES (107,4,'0244','용답','2','211-1',37.561904,127.050899,'1+1=98 ?','x','힌트지롱','ox');
INSERT INTO `questions_eng` VALUES (108,4,'1012','응봉','K','K115',37.549946,127.034538,'1+1=99 ?','x','힌트지롱','ox');
INSERT INTO `questions_eng` VALUES (109,4,'0209','한양대','2','209',37.555273,127.043655,'1+1=100 ?','x','힌트지롱','ox');
INSERT INTO `questions_eng` VALUES (110,4,'2540','행당','5','539',37.557322,127.029476,'1+1=101 ?','x','힌트지롱','ox');
INSERT INTO `questions_eng` VALUES (111,5,'0214','강변','2','214',37.535095,127.094681,'1+1=102 ?','x','힌트지롱','ox');
INSERT INTO `questions_eng` VALUES (112,5,'2729','건대입구','7','727',37.540693,127.07023,'1+1=103 ?','x','힌트지롱','ox');
INSERT INTO `questions_eng` VALUES (113,5,'0212','건대입구','2','212',37.540693,127.07023,'1+1=104 ?','x','힌트지롱','ox');
INSERT INTO `questions_eng` VALUES (114,5,'2547','광나루','5','546',37.545303,127.10357,'1+1=105 ?','x','힌트지롱','ox');
INSERT INTO `questions_eng` VALUES (115,5,'0213','구의','2','213',37.537077,127.085916,'1+1=106 ?','x','힌트지롱','ox');
INSERT INTO `questions_eng` VALUES (116,5,'2727','군자','7','725',37.557121,127.079542,'1+1=107 ?','x','힌트지롱','ox');
INSERT INTO `questions_eng` VALUES (117,5,'2545','군자','5','544',37.557121,127.079542,'1+1=108 ?','x','힌트지롱','ox');
INSERT INTO `questions_eng` VALUES (118,5,'1002','남영','1','134',37.541021,126.9713,'1+1=109 ?','x','힌트지롱','ox');
INSERT INTO `questions_eng` VALUES (119,5,'2823','남한산성입구','8','822',37.451535,127.159816,'1+1=110 ?','x','힌트지롱','ox');
INSERT INTO `questions_eng` VALUES (120,5,'1908','녹양','1','108',37.75938,127.042292,'1+1=111 ?','x','힌트지롱','ox');
INSERT INTO `questions_eng` VALUES (121,5,'1271','능곡','K','K321',37.618808,126.820783,'1+1=112 ?','x','힌트지롱','ox');
INSERT INTO `questions_eng` VALUES (122,5,'2824','단대오거리','8','823',37.44521,127.156866,'1+1=113 ?','x','힌트지롱','ox');
INSERT INTO `questions_eng` VALUES (123,5,'4113','당산','9','913',37.53438,126.902281,'1+1=114 ?','x','힌트지롱','ox');
INSERT INTO `questions_eng` VALUES (124,5,'0237','당산','2','237',37.53438,126.902281,'1+1=115 ?','x','힌트지롱','ox');
INSERT INTO `questions_eng` VALUES (125,5,'1729','당정','1','P151',37.344285,126.948345,'1+1=116 ?','x','힌트지롱','ox');
INSERT INTO `questions_eng` VALUES (126,5,'1953','대곡','3','315',37.631626,126.811024,'1+1=117 ?','x','힌트지롱','ox');
INSERT INTO `questions_eng` VALUES (127,5,'1249','대곡','K','K322',37.631626,126.811024,'1+1=118 ?','x','힌트지롱','ox');
INSERT INTO `questions_eng` VALUES (128,5,'1452','대공원','4','437',37.435675,127.006523,'1+1=119 ?','x','힌트지롱','ox');
INSERT INTO `questions_eng` VALUES (129,5,'2730','뚝섬유원지','7','728',37.53154,127.066704,'1+1=120 ?','x','힌트지롱','ox');
INSERT INTO `questions_eng` VALUES (130,5,'2546','아차산','5','545',37.551691,127.089761,'1+1=121 ?','x','힌트지롱','ox');
INSERT INTO `questions_eng` VALUES (131,5,'2728','어린이대공원','7','726',37.548014,127.074658,'1+1=122 ?','x','힌트지롱','ox');
INSERT INTO `questions_eng` VALUES (132,5,'2726','중곡','7','724',37.565923,127.08432,'1+1=123 ?','x','힌트지롱','ox');
INSERT INTO `questions_eng` VALUES (133,6,'1752','대야미','4','446',37.328467,126.917332,'1+1=124 ?','x','힌트지롱','ox');
INSERT INTO `questions_eng` VALUES (134,6,'1958','대화','3','310',37.676087,126.747569,'1+1=125 ?','x','힌트지롱','ox');
INSERT INTO `questions_eng` VALUES (135,6,'1910','덕계','1','106',37.818486,127.056486,'1+1=126 ?','x','힌트지롱','ox');
INSERT INTO `questions_eng` VALUES (136,6,'1208','덕소','K','K126',37.586781,127.208832,'1+1=127 ?','x','힌트지롱','ox');
INSERT INTO `questions_eng` VALUES (137,6,'1911','덕정','1','105',37.843188,127.061277,'1+1=128 ?','x','힌트지롱','ox');
INSERT INTO `questions_eng` VALUES (138,6,'1206','도농','K','K124',37.608806,127.161153,'1+1=129 ?','x','힌트지롱','ox');
INSERT INTO `questions_eng` VALUES (139,6,'1209','도심','K','K127',37.579622,127.222672,'1+1=130 ?','x','힌트지롱','ox');
INSERT INTO `questions_eng` VALUES (140,6,'1817','도원','1','159',37.468446,126.642706,'1+1=131 ?','x','힌트지롱','ox');
INSERT INTO `questions_eng` VALUES (141,6,'1823','도화','1','157',37.46607,126.668672,'1+1=132 ?','x','힌트지롱','ox');
INSERT INTO `questions_eng` VALUES (142,6,'3206','독정','I2','I206',37.585212,126.675844,'1+1=133 ?','x','힌트지롱','ox');
INSERT INTO `questions_eng` VALUES (143,6,'0155','동대문','1','128',37.57142,127.009745,'1+1=134 ?','x','힌트지롱','ox');
INSERT INTO `questions_eng` VALUES (144,6,'0421','동대문','4','421',37.57142,127.009745,'1+1=135 ?','x','힌트지롱','ox');
INSERT INTO `questions_eng` VALUES (145,6,'0246','신설동','2','211-4',37.575297,127.025087,'1+1=136 ?','x','힌트지롱','ox');
INSERT INTO `questions_eng` VALUES (146,6,'0156','신설동','1','126',37.575297,127.025087,'1+1=137 ?','x','힌트지롱','ox');
INSERT INTO `questions_eng` VALUES (147,6,'1017','신이문','1','121',37.601854,127.067325,'1+1=138 ?','x','힌트지롱','ox');
INSERT INTO `questions_eng` VALUES (148,6,'1016','외대앞','1','122',37.596073,127.063549,'1+1=139 ?','x','힌트지롱','ox');
INSERT INTO `questions_eng` VALUES (149,6,'0250','용두','2','211-3',37.574028,127.038091,'1+1=140 ?','x','힌트지롱','ox');
INSERT INTO `questions_eng` VALUES (150,6,'2544','장한평','5','543',37.56144,127.064623,'1+1=141 ?','x','힌트지롱','ox');
INSERT INTO `questions_eng` VALUES (151,6,'0157','제기동','1','125',37.578103,127.034893,'1+1=142 ?','x','힌트지롱','ox');
INSERT INTO `questions_eng` VALUES (152,6,'1014','청량리','K','K117',37.580178,127.046835,'1+1=143 ?','x','힌트지롱','ox');
INSERT INTO `questions_eng` VALUES (153,6,'0158','청량리','1','124',37.580178,127.046835,'1+1=144 ?','x','힌트지롱','ox');
INSERT INTO `questions_eng` VALUES (154,6,'1015','회기','1','123',37.58946,127.057583,'1+1=145 ?','x','힌트지롱','ox');
INSERT INTO `questions_eng` VALUES (155,6,'1200','회기','K','K118',37.58946,127.057583,'1+1=146 ?','x','힌트지롱','ox');
INSERT INTO `questions_eng` VALUES (156,7,'1915','동두천','1','101',37.927878,127.05479,'1+1=147 ?','x','힌트지롱','ox');
INSERT INTO `questions_eng` VALUES (157,7,'1913','동두천중앙','1','103',37.901885,127.056482,'1+1=148 ?','x','힌트지롱','ox');
INSERT INTO `questions_eng` VALUES (158,7,'4505','동백','E','Y114',37.269043,127.152716,'1+1=149 ?','x','힌트지롱','ox');
INSERT INTO `questions_eng` VALUES (159,7,'1808','동암','1','154',37.471408,126.702896,'1+1=150 ?','x','힌트지롱','ox');
INSERT INTO `questions_eng` VALUES (160,7,'4608','동오','U','U118',37.745271,127.056947,'1+1=151 ?','x','힌트지롱','ox');
INSERT INTO `questions_eng` VALUES (161,7,'1811','동인천','1','160',37.475276,126.632802,'1+1=152 ?','x','힌트지롱','ox');
INSERT INTO `questions_eng` VALUES (162,7,'4314','동천','S','D14',37.337928,127.102976,'1+1=153 ?','x','힌트지롱','ox');
INSERT INTO `questions_eng` VALUES (163,7,'1727','두정','1','P168',36.833705,127.14896,'1+1=154 ?','x','힌트지롱','ox');
INSERT INTO `questions_eng` VALUES (164,7,'4515','둔전','E','Y125',37.267051,127.21364,'1+1=155 ?','x','힌트지롱','ox');
INSERT INTO `questions_eng` VALUES (165,7,'4105','마곡나루','9','905',37.567336,126.829497,'1+1=156 ?','x','힌트지롱','ox');
INSERT INTO `questions_eng` VALUES (166,7,'1955','마두','3','313',37.652206,126.77762,'1+1=157 ?','x','힌트지롱','ox');
INSERT INTO `questions_eng` VALUES (167,7,'2542','마장','5','541',37.5661,127.042973,'1+1=158 ?','x','힌트지롱','ox');
INSERT INTO `questions_eng` VALUES (168,7,'1203','망우','K','K121',37.59955,127.091909,'1+1=159 ?','x','힌트지롱','ox');
INSERT INTO `questions_eng` VALUES (169,7,'2720','먹골','7','718',37.610637,127.077725,'1+1=160 ?','x','힌트지롱','ox');
INSERT INTO `questions_eng` VALUES (170,7,'2723','면목','7','721',37.588579,127.087503,'1+1=161 ?','x','힌트지롱','ox');
INSERT INTO `questions_eng` VALUES (171,7,'2648','봉화산','6','647',37.617283,127.091401,'1+1=162 ?','x','힌트지롱','ox');
INSERT INTO `questions_eng` VALUES (172,7,'2724','사가정','7','722',37.580894,127.088478,'1+1=163 ?','x','힌트지롱','ox');
INSERT INTO `questions_eng` VALUES (173,7,'2722','상봉','7','720',37.596362,127.085032,'1+1=164 ?','x','힌트지롱','ox');
INSERT INTO `questions_eng` VALUES (174,7,'1202','상봉','K','K120',37.596362,127.085032,'1+1=165 ?','x','힌트지롱','ox');
INSERT INTO `questions_eng` VALUES (175,7,'2725','용마산','7','723',37.573647,127.086727,'1+1=166 ?','x','힌트지롱','ox');
INSERT INTO `questions_eng` VALUES (176,7,'1201','중랑','K','K119',37.594917,127.076116,'1+1=167 ?','x','힌트지롱','ox');
INSERT INTO `questions_eng` VALUES (177,7,'2721','중화','7','719',37.602545,127.079264,'1+1=168 ?','x','힌트지롱','ox');
INSERT INTO `questions_eng` VALUES (178,8,'2641','고려대','6','640',37.590508,127.036296,'1+1=169 ?','x','힌트지롱','ox');
INSERT INTO `questions_eng` VALUES (179,8,'0417','길음','4','417',37.603407,127.025053,'1+1=170 ?','x','힌트지롱','ox');
INSERT INTO `questions_eng` VALUES (180,8,'2644','돌곶이','6','643',37.610537,127.056431,'1+1=171 ?','x','힌트지롱','ox');
INSERT INTO `questions_eng` VALUES (181,8,'3204','마전','I2','I204',37.597566,126.666998,'1+1=172 ?','x','힌트지롱','ox');
INSERT INTO `questions_eng` VALUES (182,8,'3224','만수','I2','I224',37.454911,126.732094,'1+1=173 ?','x','힌트지롱','ox');
INSERT INTO `questions_eng` VALUES (183,8,'1904','망월사','1','112',37.709914,127.047455,'1+1=174 ?','x','힌트지롱','ox');
INSERT INTO `questions_eng` VALUES (184,8,'1869','망포','B','K241',37.245795,127.057353,'1+1=175 ?','x','힌트지롱','ox');
INSERT INTO `questions_eng` VALUES (185,8,'1872','매교','B','K244',37.265481,127.015678,'1+1=176 ?','x','힌트지롱','ox');
INSERT INTO `questions_eng` VALUES (186,8,'1870','매탄권선','B','K242',37.252759,127.040566,'1+1=177 ?','x','힌트지롱','ox');
INSERT INTO `questions_eng` VALUES (187,8,'4510','명지대','E','Y118',37.237964,127.190294,'1+1=178 ?','x','힌트지롱','ox');
INSERT INTO `questions_eng` VALUES (188,8,'1707','명학','1','P148',37.384653,126.935433,'1+1=179 ?','x','힌트지롱','ox');
INSERT INTO `questions_eng` VALUES (189,8,'1853','모란','B','K225',37.43213,127.129087,'1+1=180 ?','x','힌트지롱','ox');
INSERT INTO `questions_eng` VALUES (190,8,'2827','모란','8','826',37.43213,127.129087,'1+1=181 ?','x','힌트지롱','ox');
INSERT INTO `questions_eng` VALUES (191,8,'3223','모래내시장','I2','I223',37.45583,126.719298,'1+1=182 ?','x','힌트지롱','ox');
INSERT INTO `questions_eng` VALUES (192,8,'1284','문산','K','K335',37.854619,126.788047,'1+1=183 ?','x','힌트지롱','ox');
INSERT INTO `questions_eng` VALUES (193,8,'1858','미금','B','K231',37.350077,127.10891,'1+1=184 ?','x','힌트지롱','ox');
INSERT INTO `questions_eng` VALUES (194,8,'1753','반월','4','447',37.312212,126.903524,'1+1=185 ?','x','힌트지롱','ox');
INSERT INTO `questions_eng` VALUES (195,8,'2735','반포','7','733',37.508178,127.011727,'1+1=186 ?','x','힌트지롱','ox');
INSERT INTO `questions_eng` VALUES (196,8,'4601','발곡','U','U110',37.727048,127.052803,'1+1=187 ?','x','힌트지롱','ox');
INSERT INTO `questions_eng` VALUES (197,8,'1405','배방','1','P174',36.777629,127.052991,'1+1=188 ?','x','힌트지롱','ox');
INSERT INTO `questions_eng` VALUES (198,8,'1273','백마','K','K324',37.658239,126.794461,'1+1=189 ?','x','힌트지롱','ox');
INSERT INTO `questions_eng` VALUES (199,8,'1954','백석','3','314',37.643114,126.78787,'1+1=190 ?','x','힌트지롱','ox');
INSERT INTO `questions_eng` VALUES (200,8,'1807','백운','1','153',37.483664,126.707704,'1+1=191 ?','x','힌트지롱','ox');
INSERT INTO `questions_eng` VALUES (201,8,'2633','버티고개','6','632',37.548013,127.007055,'1+1=192 ?','x','힌트지롱','ox');
INSERT INTO `questions_eng` VALUES (202,8,'1457','범계','4','442',37.389793,126.950806,'1+1=193 ?','x','힌트지롱','ox');
INSERT INTO `questions_eng` VALUES (203,8,'4603','범골','U','U112',37.728755,127.04353,'1+1=194 ?','x','힌트지롱','ox');
INSERT INTO `questions_eng` VALUES (204,8,'1716','병점','1','P157',37.207503,127.032731,'1+1=195 ?','x','힌트지롱','ox');
INSERT INTO `questions_eng` VALUES (205,8,'2639','보문','6','638',37.585286,127.019381,'1+1=196 ?','x','힌트지롱','ox');
INSERT INTO `questions_eng` VALUES (206,8,'2643','상월곡','6','642',37.606377,127.048491,'1+1=197 ?','x','힌트지롱','ox');
INSERT INTO `questions_eng` VALUES (207,8,'0418','성신여대입구','4','418',37.592624,127.016403,'1+1=198 ?','x','힌트지롱','ox');
INSERT INTO `questions_eng` VALUES (208,8,'2640','안암','6','639',37.586272,127.029005,'1+1=199 ?','x','힌트지롱','ox');
INSERT INTO `questions_eng` VALUES (209,8,'2642','월곡','6','641',37.601948,127.041518,'1+1=200 ?','x','힌트지롱','ox');
INSERT INTO `questions_eng` VALUES (210,8,'0419','한성대입구','4','419',37.588458,127.006221,'1+1=201 ?','x','힌트지롱','ox');
INSERT INTO `questions_eng` VALUES (211,9,'0415','미아','4','415',37.62667,127.025983,'1+1=202 ?','x','힌트지롱','ox');
INSERT INTO `questions_eng` VALUES (212,9,'0416','미아사거리','4','416',37.613292,127.030053,'1+1=203 ?','x','힌트지롱','ox');
INSERT INTO `questions_eng` VALUES (213,9,'1914','보산','1','102',37.913702,127.057277,'1+1=204 ?','x','힌트지롱','ox');
INSERT INTO `questions_eng` VALUES (214,9,'1861','보정','B','K234',37.312752,127.108196,'1+1=205 ?','x','힌트지롱','ox');
INSERT INTO `questions_eng` VALUES (215,9,'4514','보평','E','Y123',37.258965,127.218457,'1+1=206 ?','x','힌트지롱','ox');
INSERT INTO `questions_eng` VALUES (216,9,'1401','봉명','1','P170',36.801215,127.135763,'1+1=207 ?','x','힌트지롱','ox');
INSERT INTO `questions_eng` VALUES (217,9,'4129','봉은사','9','929',37.514219,127.060245,'1+1=208 ?','x','힌트지롱','ox');
INSERT INTO `questions_eng` VALUES (218,9,'1815','부개','1','151',37.488418,126.74109,'1+1=209 ?','x','힌트지롱','ox');
INSERT INTO `questions_eng` VALUES (219,9,'1509','부발','KK','K418',37.260192,127.490277,'1+1=210 ?','x','힌트지롱','ox');
INSERT INTO `questions_eng` VALUES (220,9,'1804','부천','1','148',37.48405,126.782686,'1+1=211 ?','x','힌트지롱','ox');
INSERT INTO `questions_eng` VALUES (221,9,'2757','부천시청','7','755',37.504631,126.763538,'1+1=212 ?','x','힌트지롱','ox');
INSERT INTO `questions_eng` VALUES (222,9,'2754','부천종합운동장','7','752',37.50538,126.797337,'1+1=213 ?','x','힌트지롱','ox');
INSERT INTO `questions_eng` VALUES (223,9,'1806','부평','1','152',37.489493,126.724805,'1+1=214 ?','x','힌트지롱','ox');
INSERT INTO `questions_eng` VALUES (224,9,'2761','부평구청','7','759',37.508336,126.720548,'1+1=215 ?','x','힌트지롱','ox');
INSERT INTO `questions_eng` VALUES (225,9,'0312','불광','3','322',37.610469,126.929887,'1+1=216 ?','x','힌트지롱','ox');
INSERT INTO `questions_eng` VALUES (226,9,'1751','산본','4','444',37.358101,126.933274,'1+1=217 ?','x','힌트지롱','ox');
INSERT INTO `questions_eng` VALUES (227,9,'2822','산성','8','821',37.457122,127.149908,'1+1=218 ?','x','힌트지롱','ox');
INSERT INTO `questions_eng` VALUES (228,9,'4508','삼가','E','Y116',37.242115,127.168075,'1+1=219 ?','x','힌트지롱','ox');
INSERT INTO `questions_eng` VALUES (229,9,'1503','삼동','KK','K412',37.409522,127.20336,'1+1=220 ?','x','힌트지롱','ox');
INSERT INTO `questions_eng` VALUES (230,9,'2759','삼산체육관','7','757',37.506411,126.742153,'1+1=221 ?','x','힌트지롱','ox');
INSERT INTO `questions_eng` VALUES (231,9,'4128','삼성중앙','9','928',37.513011,127.053282,'1+1=222 ?','x','힌트지롱','ox');
INSERT INTO `questions_eng` VALUES (232,9,'1950','삼송','3','318',37.653083,126.895558,'1+1=223 ?','x','힌트지롱','ox');
INSERT INTO `questions_eng` VALUES (233,9,'1866','상갈','B','K238',37.26181,127.108847,'1+1=224 ?','x','힌트지롱','ox');
INSERT INTO `questions_eng` VALUES (234,9,'2758','상동','7','756',37.505781,126.753083,'1+1=225 ?','x','힌트지롱','ox');
INSERT INTO `questions_eng` VALUES (235,9,'1754','상록수','4','448',37.302795,126.866489,'1+1=226 ?','x','힌트지롱','ox');
INSERT INTO `questions_eng` VALUES (236,9,'0414','수유','4','414',37.638052,127.025732,'1+1=227 ?','x','힌트지롱','ox');
INSERT INTO `questions_eng` VALUES (237,10,'1021','녹천','1','117',37.644799,127.051269,'1+1=228 ?','x','힌트지롱','ox');
INSERT INTO `questions_eng` VALUES (238,10,'1902','도봉','1','114',37.679563,127.045595,'1+1=229 ?','x','힌트지롱','ox');
INSERT INTO `questions_eng` VALUES (239,10,'1903','도봉산','1','113',37.689313,127.046222,'1+1=230 ?','x','힌트지롱','ox');
INSERT INTO `questions_eng` VALUES (240,10,'2712','도봉산','7','710',37.689313,127.046222,'1+1=231 ?','x','힌트지롱','ox');
INSERT INTO `questions_eng` VALUES (241,10,'1901','방학','1','115',37.667503,127.044273,'1+1=232 ?','x','힌트지롱','ox');
INSERT INTO `questions_eng` VALUES (242,10,'4317','상현','S','D17',37.297664,127.069342,'1+1=233 ?','x','힌트지롱','ox');
INSERT INTO `questions_eng` VALUES (243,10,'4609','새말','U','U119',37.748885,127.06362,'1+1=234 ?','x','힌트지롱','ox');
INSERT INTO `questions_eng` VALUES (244,10,'1263','서강대','K','K313',37.551881,126.935711,'1+1=235 ?','x','힌트지롱','ox');
INSERT INTO `questions_eng` VALUES (245,10,'3210','서구청','I2','I210',37.543742,126.676787,'1+1=236 ?','x','힌트지롱','ox');
INSERT INTO `questions_eng` VALUES (246,10,'1749','서동탄','1','P157-1',37.195504,127.051672,'1+1=237 ?','x','힌트지롱','ox');
INSERT INTO `questions_eng` VALUES (247,10,'3214','서부여성회관','I2','I214',37.506193,126.676203,'1+1=238 ?','x','힌트지롱','ox');
INSERT INTO `questions_eng` VALUES (248,10,'1847','서울숲','B','K211',37.543617,127.044707,'1+1=239 ?','x','힌트지롱','ox');
INSERT INTO `questions_eng` VALUES (249,10,'1722','서정리','1','P163',37.056496,127.052819,'1+1=240 ?','x','힌트지롱','ox');
INSERT INTO `questions_eng` VALUES (250,10,'1855','서현','B','K228',37.385126,127.123592,'1+1=241 ?','x','힌트지롱','ox');
INSERT INTO `questions_eng` VALUES (251,10,'3213','석남','I2','I213',37.506193,126.676203,'1+1=242 ?','x','힌트지롱','ox');
INSERT INTO `questions_eng` VALUES (252,10,'0413','쌍문','4','413',37.648627,127.034709,'1+1=243 ?','x','힌트지롱','ox');
INSERT INTO `questions_eng` VALUES (253,10,'0412','창동','4','412',37.653166,127.047731,'1+1=244 ?','x','힌트지롱','ox');
INSERT INTO `questions_eng` VALUES (254,10,'1022','창동','1','116',37.653166,127.047731,'1+1=245 ?','x','힌트지롱','ox');
INSERT INTO `questions_eng` VALUES (255,11,'2718','공릉','7','716',37.625742,127.072896,'1+1=246 ?','x','힌트지롱','ox');
INSERT INTO `questions_eng` VALUES (256,11,'1019','광운대','1','119',37.623632,127.061835,'1+1=247 ?','x','힌트지롱','ox');
INSERT INTO `questions_eng` VALUES (257,11,'2715','노원','7','713',37.655128,127.061368,'1+1=248 ?','x','힌트지롱','ox');
INSERT INTO `questions_eng` VALUES (258,11,'0411','노원','4','411',37.655128,127.061368,'1+1=249 ?','x','힌트지롱','ox');
INSERT INTO `questions_eng` VALUES (259,11,'0409','당고개','4','409',37.670272,127.079066,'1+1=250 ?','x','힌트지롱','ox');
INSERT INTO `questions_eng` VALUES (260,11,'2714','마들','7','712',37.66494,127.057675,'1+1=251 ?','x','힌트지롱','ox');
INSERT INTO `questions_eng` VALUES (261,11,'0410','상계','4','410',37.660878,127.073572,'1+1=252 ?','x','힌트지롱','ox');
INSERT INTO `questions_eng` VALUES (262,11,'2645','석계','6','644',37.614805,127.065851,'1+1=253 ?','x','힌트지롱','ox');
INSERT INTO `questions_eng` VALUES (263,11,'1018','석계','1','120',37.614805,127.065851,'1+1=254 ?','x','힌트지롱','ox');
INSERT INTO `questions_eng` VALUES (264,11,'3220','석바위시장','I2','I220',37.457611,126.692575,'1+1=255 ?','x','힌트지롱','ox');
INSERT INTO `questions_eng` VALUES (265,11,'3222','석천사거리','I2','I222',37.456805,126.709986,'1+1=256 ?','x','힌트지롱','ox');
INSERT INTO `questions_eng` VALUES (266,11,'1450','선바위','4','435',37.451673,127.002303,'1+1=257 ?','x','힌트지롱','ox');
INSERT INTO `questions_eng` VALUES (267,11,'4112','선유도','9','912',37.53802,126.893525,'1+1=258 ?','x','힌트지롱','ox');
INSERT INTO `questions_eng` VALUES (268,11,'4127','선정릉','9','927',37.51098,127.043593,'1+1=259 ?','x','힌트지롱','ox');
INSERT INTO `questions_eng` VALUES (269,11,'1850','선정릉','B','K214',37.51098,127.043593,'1+1=260 ?','x','힌트지롱','ox');
INSERT INTO `questions_eng` VALUES (270,11,'1711','성균관대','1','P153',37.300349,126.97075,'1+1=261 ?','x','힌트지롱','ox');
INSERT INTO `questions_eng` VALUES (271,11,'4316','성복','S','D16',37.313335,127.0801,'1+1=262 ?','x','힌트지롱','ox');
INSERT INTO `questions_eng` VALUES (272,11,'1725','성환','1','P166',36.916076,127.126964,'1+1=263 ?','x','힌트지롱','ox');
INSERT INTO `questions_eng` VALUES (273,11,'1715','세류','1','P156',37.245025,127.013222,'1+1=264 ?','x','힌트지롱','ox');
INSERT INTO `questions_eng` VALUES (274,11,'1717','세마','1','P158',37.187533,127.04318,'1+1=265 ?','x','힌트지롱','ox');
INSERT INTO `questions_eng` VALUES (275,11,'1510','세종대왕릉','KK','K419',37.295309,127.570938,'1+1=266 ?','x','힌트지롱','ox');
INSERT INTO `questions_eng` VALUES (276,11,'1814','소사','1','147',37.482753,126.79544,'1+1=267 ?','x','힌트지롱','ox');
INSERT INTO `questions_eng` VALUES (277,11,'1916','소요산','1','100',37.9481,127.061034,'1+1=268 ?','x','힌트지롱','ox');
INSERT INTO `questions_eng` VALUES (278,11,'1805','송내','1','150',37.4876,126.753664,'1+1=269 ?','x','힌트지롱','ox');
INSERT INTO `questions_eng` VALUES (279,11,'4614','송산','U','U124',37.737279,127.087159,'1+1=270 ?','x','힌트지롱','ox');
INSERT INTO `questions_eng` VALUES (280,11,'1721','송탄','1','P162',37.075696,127.054301,'1+1=271 ?','x','힌트지롱','ox');
INSERT INTO `questions_eng` VALUES (281,11,'1856','수내','B','K229',37.378455,127.114322,'1+1=272 ?','x','힌트지롱','ox');
INSERT INTO `questions_eng` VALUES (282,11,'2713','수락산','7','711',37.67785,127.055315,'1+1=273 ?','x','힌트지롱','ox');
INSERT INTO `questions_eng` VALUES (283,11,'1763','수리산','4','445',37.349801,126.925365,'1+1=274 ?','x','힌트지롱','ox');
INSERT INTO `questions_eng` VALUES (284,11,'1020','월계','1','118',37.633212,127.058831,'1+1=275 ?','x','힌트지롱','ox');
INSERT INTO `questions_eng` VALUES (285,11,'2716','중계','7','714',37.644583,127.064303,'1+1=276 ?','x','힌트지롱','ox');
INSERT INTO `questions_eng` VALUES (286,11,'2719','태릉입구','7','717',37.617983,127.07512,'1+1=277 ?','x','힌트지롱','ox');
INSERT INTO `questions_eng` VALUES (287,11,'2646','태릉입구','6','645',37.617983,127.07512,'1+1=278 ?','x','힌트지롱','ox');
INSERT INTO `questions_eng` VALUES (288,11,'2717','하계','7','715',37.636352,127.06799,'1+1=279 ?','x','힌트지롱','ox');
INSERT INTO `questions_eng` VALUES (289,12,'2616','구산','6','615',37.611377,126.91727,'1+1=280 ?','x','힌트지롱','ox');
INSERT INTO `questions_eng` VALUES (290,12,'0310','구파발','3','320',37.636763,126.918821,'1+1=281 ?','x','힌트지롱','ox');
INSERT INTO `questions_eng` VALUES (291,12,'0313','녹번','3','323',37.600927,126.935756,'1+1=282 ?','x','힌트지롱','ox');
INSERT INTO `questions_eng` VALUES (292,12,'2614','독바위','6','613',37.618456,126.933031,'1+1=283 ?','x','힌트지롱','ox');
INSERT INTO `questions_eng` VALUES (293,12,'1294','디지털미디어시티','A','A04',37.576646,126.900984,'1+1=284 ?','x','힌트지롱','ox');
INSERT INTO `questions_eng` VALUES (294,12,'2619','디지털미디어시티','6','618',37.576646,126.900984,'1+1=285 ?','x','힌트지롱','ox');
INSERT INTO `questions_eng` VALUES (295,12,'1266','디지털미디어시티','K','K316',37.576646,126.900984,'1+1=286 ?','x','힌트지롱','ox');
INSERT INTO `questions_eng` VALUES (296,12,'2613','불광','6','612',37.610469,126.929887,'1+1=287 ?','x','힌트지롱','ox');
INSERT INTO `questions_eng` VALUES (297,12,'2617','새절','6','616',37.591148,126.913629,'1+1=288 ?','x','힌트지롱','ox');
INSERT INTO `questions_eng` VALUES (298,12,'1267','수색','K','K317',37.580842,126.895611,'1+1=289 ?','x','힌트지롱','ox');
INSERT INTO `questions_eng` VALUES (299,12,'0339','수서','3','349',37.487371,127.10188,'1+1=290 ?','x','힌트지롱','ox');
INSERT INTO `questions_eng` VALUES (300,12,'1713','수원','1','P155',37.265974,126.999874,'1+1=291 ?','x','힌트지롱','ox');
INSERT INTO `questions_eng` VALUES (301,12,'1846','수원','B','K245',37.265974,126.999874,'1+1=292 ?','x','힌트지롱','ox');
INSERT INTO `questions_eng` VALUES (302,12,'1871','수원시청','B','K243',37.261911,127.030736,'1+1=293 ?','x','힌트지롱','ox');
INSERT INTO `questions_eng` VALUES (303,12,'4315','수지구청','S','D15',37.322702,127.095026,'1+1=294 ?','x','힌트지롱','ox');
INSERT INTO `questions_eng` VALUES (304,12,'2826','수진','8','825',37.437428,127.140722,'1+1=295 ?','x','힌트지롱','ox');
INSERT INTO `questions_eng` VALUES (305,12,'3219','시민공원','I2','I219',37.458335,126.681192,'1+1=296 ?','x','힌트지롱','ox');
INSERT INTO `questions_eng` VALUES (306,12,'4509','시청·용인대','E','Y117',37.239151,127.178406,'1+1=297 ?','x','힌트지롱','ox');
INSERT INTO `questions_eng` VALUES (307,12,'1864','신갈','B','K236',37.286102,127.111313,'1+1=298 ?','x','힌트지롱','ox');
INSERT INTO `questions_eng` VALUES (308,12,'2526','신길','5','525',37.517122,126.917169,'1+1=299 ?','x','힌트지롱','ox');
INSERT INTO `questions_eng` VALUES (309,12,'1760','신길온천','4','454',37.338212,126.765844,'1+1=300 ?','x','힌트지롱','ox');
INSERT INTO `questions_eng` VALUES (310,12,'1507','신둔도예촌','KK','K416',37.317185,127.40476,'1+1=301 ?','x','힌트지롱','ox');
INSERT INTO `questions_eng` VALUES (311,12,'1213','신원','K','K131',37.525545,127.372921,'1+1=302 ?','x','힌트지롱','ox');
INSERT INTO `questions_eng` VALUES (312,12,'2756','신중동','7','754',37.503048,126.77596,'1+1=303 ?','x','힌트지롱','ox');
INSERT INTO `questions_eng` VALUES (313,12,'1408','신창','1','P177',36.769502,126.951108,'1+1=304 ?','x','힌트지롱','ox');
INSERT INTO `questions_eng` VALUES (314,12,'0240','신촌','2','240',37.555134,126.936893,'1+1=305 ?','x','힌트지롱','ox');
INSERT INTO `questions_eng` VALUES (315,12,'1252','신촌(경의중앙선)','K','P312',37.559783,126.942319,'1+1=306 ?','x','힌트지롱','ox');
INSERT INTO `questions_eng` VALUES (316,12,'2825','신흥','8','824',37.440918,127.147564,'1+1=307 ?','x','힌트지롱','ox');
INSERT INTO `questions_eng` VALUES (317,12,'1402','쌍용(나사렛대)','1','P171',36.793759,127.1214,'1+1=308 ?','x','힌트지롱','ox');
INSERT INTO `questions_eng` VALUES (318,12,'1403','아산','1','P172',36.792053,127.104361,'1+1=309 ?','x','힌트지롱','ox');
INSERT INTO `questions_eng` VALUES (319,12,'3209','아시아드경기장','I2','I209',37.5517,126.677122,'1+1=310 ?','x','힌트지롱','ox');
INSERT INTO `questions_eng` VALUES (320,12,'1215','아신','K','K133',37.51382,127.443173,'1+1=311 ?','x','힌트지롱','ox');
INSERT INTO `questions_eng` VALUES (321,12,'1759','안산','4','453',37.327082,126.788532,'1+1=312 ?','x','힌트지롱','ox');
INSERT INTO `questions_eng` VALUES (322,12,'1706','안양','1','P147',37.401592,126.922874,'1+1=313 ?','x','힌트지롱','ox');
INSERT INTO `questions_eng` VALUES (323,12,'1848','압구정로데오','B','K212',37.527381,127.040534,'1+1=314 ?','x','힌트지롱','ox');
INSERT INTO `questions_eng` VALUES (324,12,'1277','야당','K','K328',37.712327,126.761356,'1+1=315 ?','x','힌트지롱','ox');
INSERT INTO `questions_eng` VALUES (325,12,'1854','야탑','B','K226',37.411185,127.128715,'1+1=316 ?','x','힌트지롱','ox');
INSERT INTO `questions_eng` VALUES (326,12,'1212','양수','K','K130',37.545981,127.329098,'1+1=317 ?','x','힌트지롱','ox');
INSERT INTO `questions_eng` VALUES (327,12,'1204','양원','K','K122',37.606596,127.107906,'1+1=318 ?','x','힌트지롱','ox');
INSERT INTO `questions_eng` VALUES (328,12,'0332','양재','3','342',37.484147,127.034631,'1+1=319 ?','x','힌트지롱','ox');
INSERT INTO `questions_eng` VALUES (329,12,'1207','양정','K','K125',37.60533,127.19364,'1+1=320 ?','x','힌트지롱','ox');
INSERT INTO `questions_eng` VALUES (330,12,'1909','양주','1','107',37.774381,127.044708,'1+1=321 ?','x','힌트지롱','ox');
INSERT INTO `questions_eng` VALUES (331,12,'0248','양천구청','2','234-2',37.512398,126.865819,'1+1=322 ?','x','힌트지롱','ox');
INSERT INTO `questions_eng` VALUES (332,12,'2523','양평','5','522',37.525648,126.885778,'1+1=323 ?','x','힌트지롱','ox');
INSERT INTO `questions_eng` VALUES (333,12,'1217','양평(경의중앙선)','K','K135',37.492832,127.491814,'1+1=324 ?','x','힌트지롱','ox');
INSERT INTO `questions_eng` VALUES (334,12,'4613','어룡','U','U123',37.742802,127.085035,'1+1=325 ?','x','힌트지롱','ox');
INSERT INTO `questions_eng` VALUES (335,12,'4504','어정','E','Y113',37.274917,127.143714,'1+1=326 ?','x','힌트지롱','ox');
INSERT INTO `questions_eng` VALUES (336,12,'4126','언주','9','926',37.507287,127.033868,'1+1=327 ?','x','힌트지롱','ox');
INSERT INTO `questions_eng` VALUES (337,12,'1803','역곡','1','146',37.485178,126.811502,'1+1=328 ?','x','힌트지롱','ox');
INSERT INTO `questions_eng` VALUES (338,12,'2612','역촌','6','611',37.606021,126.922744,'1+1=329 ?','x','힌트지롱','ox');
INSERT INTO `questions_eng` VALUES (339,12,'2615','연신내','6','614',37.619001,126.921008,'1+1=330 ?','x','힌트지롱','ox');
INSERT INTO `questions_eng` VALUES (340,12,'0311','연신내','3','321',37.619001,126.921008,'1+1=331 ?','x','힌트지롱','ox');
INSERT INTO `questions_eng` VALUES (341,12,'4217','영종','A','A072',37.511466,126.5237,'1+1=332 ?','x','힌트지롱','ox');
INSERT INTO `questions_eng` VALUES (342,12,'1868','영통','B','K240',37.251568,127.071394,'1+1=333 ?','x','힌트지롱','ox');
INSERT INTO `questions_eng` VALUES (343,12,'2558','오금','5','P552',37.502162,127.128111,'1+1=334 ?','x','힌트지롱','ox');
INSERT INTO `questions_eng` VALUES (344,12,'0342','오금','3','352',37.502162,127.128111,'1+1=335 ?','x','힌트지롱','ox');
INSERT INTO `questions_eng` VALUES (345,12,'1859','오리','B','K232',37.339824,127.108942,'1+1=336 ?','x','힌트지롱','ox');
INSERT INTO `questions_eng` VALUES (346,12,'1216','오빈','K','K134',37.506062,127.473868,'1+1=337 ?','x','힌트지롱','ox');
INSERT INTO `questions_eng` VALUES (347,12,'1719','오산','1','P160',37.145885,127.06672,'1+1=338 ?','x','힌트지롱','ox');
INSERT INTO `questions_eng` VALUES (348,12,'1718','오산대','1','P159',37.168953,127.063197,'1+1=339 ?','x','힌트지롱','ox');
INSERT INTO `questions_eng` VALUES (349,12,'1762','오이도','4','456',37.362357,126.738714,'1+1=340 ?','x','힌트지롱','ox');
INSERT INTO `questions_eng` VALUES (350,12,'1407','온양온천','1','P176',36.780483,127.003249,'1+1=341 ?','x','힌트지롱','ox');
INSERT INTO `questions_eng` VALUES (351,12,'3205','완정','I2','I205',37.592928,126.673203,'1+1=342 ?','x','힌트지롱','ox');
INSERT INTO `questions_eng` VALUES (352,12,'3202','왕길','I2','I202',37.59518,126.642696,'1+1=343 ?','x','힌트지롱','ox');
INSERT INTO `questions_eng` VALUES (353,12,'2541','왕십리','5','540',37.561533,127.037732,'1+1=344 ?','x','힌트지롱','ox');
INSERT INTO `questions_eng` VALUES (354,12,'1013','왕십리','K','K116',37.561533,127.037732,'1+1=345 ?','x','힌트지롱','ox');
INSERT INTO `questions_eng` VALUES (355,12,'1219','용문','K','K137',37.48223,127.594647,'1+1=346 ?','x','힌트지롱','ox');
INSERT INTO `questions_eng` VALUES (356,12,'1211','운길산','K','K129',37.554669,127.310115,'1+1=347 ?','x','힌트지롱','ox');
INSERT INTO `questions_eng` VALUES (357,12,'4512','운동장·송담대','E','Y120',37.237845,127.209198,'1+1=348 ?','x','힌트지롱','ox');
INSERT INTO `questions_eng` VALUES (358,12,'4211','운서','A','A08',37.492904,126.49379,'1+1=349 ?','x','힌트지롱','ox');
INSERT INTO `questions_eng` VALUES (359,12,'3227','운연','I2','I227',37.440127,126.75997,'1+1=350 ?','x','힌트지롱','ox');
INSERT INTO `questions_eng` VALUES (360,12,'1278','운정','K','K329',37.725826,126.767257,'1+1=351 ?','x','힌트지롱','ox');
INSERT INTO `questions_eng` VALUES (361,12,'1951','원당','3','317',37.653324,126.843041,'1+1=352 ?','x','힌트지롱','ox');
INSERT INTO `questions_eng` VALUES (362,12,'1218','원덕','K','K136',37.468672,127.547076,'1+1=353 ?','x','힌트지롱','ox');
INSERT INTO `questions_eng` VALUES (363,12,'1948','원흥','3','309',37.650658,126.872642,'1+1=354 ?','x','힌트지롱','ox');
INSERT INTO `questions_eng` VALUES (364,12,'2611','응암','6','610',37.598605,126.915577,'1+1=355 ?','x','힌트지롱','ox');
INSERT INTO `questions_eng` VALUES (365,12,'2618','증산','6','617',37.583876,126.909645,'1+1=356 ?','x','힌트지롱','ox');
INSERT INTO `questions_eng` VALUES (366,13,'1265','가좌','K','K315',37.568491,126.915487,'1+1=357 ?','x','힌트지롱','ox');
INSERT INTO `questions_eng` VALUES (367,13,'0316','독립문','3','326',37.574571,126.957748,'1+1=358 ?','x','힌트지롱','ox');
INSERT INTO `questions_eng` VALUES (368,13,'0315','무악재','3','325',37.582299,126.950291,'1+1=359 ?','x','힌트지롱','ox');
INSERT INTO `questions_eng` VALUES (369,13,'2533','서대문','5','532',37.565773,126.966641,'1+1=360 ?','x','힌트지롱','ox');
INSERT INTO `questions_eng` VALUES (370,13,'1282','월롱','K','K333',37.796188,126.792587,'1+1=361 ?','x','힌트지롱','ox');
INSERT INTO `questions_eng` VALUES (371,13,'1710','의왕','1','P152',37.320852,126.948217,'1+1=362 ?','x','힌트지롱','ox');
INSERT INTO `questions_eng` VALUES (372,13,'1906','의정부','1','110',37.738415,127.045958,'1+1=363 ?','x','힌트지롱','ox');
INSERT INTO `questions_eng` VALUES (373,13,'4605','의정부시청','U','U114',37.739256,127.034781,'1+1=364 ?','x','힌트지롱','ox');
INSERT INTO `questions_eng` VALUES (374,13,'4607','의정부중앙','U','U117',37.743676,127.049565,'1+1=365 ?','x','힌트지롱','ox');
INSERT INTO `questions_eng` VALUES (375,13,'0241','이대','2','241',37.556733,126.946013,'1+1=366 ?','x','힌트지롱','ox');
INSERT INTO `questions_eng` VALUES (376,13,'1502','이매','KK','K411',37.396104,127.12827,'1+1=367 ?','x','힌트지롱','ox');
INSERT INTO `questions_eng` VALUES (377,13,'1860','이매','B','K227',37.396104,127.12827,'1+1=368 ?','x','힌트지롱','ox');
INSERT INTO `questions_eng` VALUES (378,13,'1508','이천','KK','K417',37.265579,127.44226,'1+1=369 ?','x','힌트지롱','ox');
INSERT INTO `questions_eng` VALUES (379,13,'1455','인덕원','4','440',37.401553,126.976715,'1+1=370 ?','x','힌트지롱','ox');
INSERT INTO `questions_eng` VALUES (380,13,'1812','인천','1','161',37.476691,126.616936,'1+1=371 ?','x','힌트지롱','ox');
INSERT INTO `questions_eng` VALUES (381,13,'3215','인천가좌','I2','I215',37.4897,126.675208,'1+1=372 ?','x','힌트지롱','ox');
INSERT INTO `questions_eng` VALUES (382,13,'2532','충정로','5','531',37.559973,126.963672,'1+1=373 ?','x','힌트지롱','ox');
INSERT INTO `questions_eng` VALUES (383,13,'0243','충정로','2','243',37.559973,126.963672,'1+1=374 ?','x','힌트지롱','ox');
INSERT INTO `questions_eng` VALUES (384,13,'0314','홍제','3','324',37.589066,126.943736,'1+1=375 ?','x','힌트지롱','ox');
INSERT INTO `questions_eng` VALUES (385,14,'1292','공덕','A','A02',37.544018,126.951592,'1+1=376 ?','x','힌트지롱','ox');
INSERT INTO `questions_eng` VALUES (386,14,'1262','공덕','K','K312',37.544018,126.951592,'1+1=377 ?','x','힌트지롱','ox');
INSERT INTO `questions_eng` VALUES (387,14,'2627','공덕','6','626',37.544018,126.951592,'1+1=378 ?','x','힌트지롱','ox');
INSERT INTO `questions_eng` VALUES (388,14,'2530','공덕','5','529',37.544018,126.951592,'1+1=379 ?','x','힌트지롱','ox');
INSERT INTO `questions_eng` VALUES (389,14,'2625','광흥창','6','624',37.547456,126.931993,'1+1=380 ?','x','힌트지롱','ox');
INSERT INTO `questions_eng` VALUES (390,14,'2626','대흥','6','625',37.547771,126.942069,'1+1=381 ?','x','힌트지롱','ox');
INSERT INTO `questions_eng` VALUES (391,14,'2529','마포','5','528',37.539574,126.945932,'1+1=382 ?','x','힌트지롱','ox');
INSERT INTO `questions_eng` VALUES (392,14,'2621','마포구청','6','620',37.563515,126.903343,'1+1=383 ?','x','힌트지롱','ox');
INSERT INTO `questions_eng` VALUES (393,14,'2622','망원','6','621',37.556094,126.910052,'1+1=384 ?','x','힌트지롱','ox');
INSERT INTO `questions_eng` VALUES (394,14,'2624','상수','6','623',37.547716,126.922852,'1+1=385 ?','x','힌트지롱','ox');
INSERT INTO `questions_eng` VALUES (395,14,'0242','아현','2','242',37.557345,126.956141,'1+1=386 ?','x','힌트지롱','ox');
INSERT INTO `questions_eng` VALUES (396,14,'2531','애오개','5','530',37.553736,126.95682,'1+1=387 ?','x','힌트지롱','ox');
INSERT INTO `questions_eng` VALUES (397,14,'2620','월드컵경기장','6','619',37.569532,126.899298,'1+1=388 ?','x','힌트지롱','ox');
INSERT INTO `questions_eng` VALUES (398,14,'4213','인천국제공항','A','A10',37.447464,126.452508,'1+1=389 ?','x','힌트지롱','ox');
INSERT INTO `questions_eng` VALUES (399,14,'3226','인천대공원','I2','I226',37.448769,126.752618,'1+1=390 ?','x','힌트지롱','ox');
INSERT INTO `questions_eng` VALUES (400,14,'3221','인천시청','I2','I221',37.457405,126.702221,'1+1=391 ?','x','힌트지롱','ox');
INSERT INTO `questions_eng` VALUES (401,14,'1275','일산','K','K326',37.682077,126.769846,'1+1=392 ?','x','힌트지롱','ox');
INSERT INTO `questions_eng` VALUES (402,14,'0328','잠원','3','338',37.512759,127.01122,'1+1=393 ?','x','힌트지롱','ox');
INSERT INTO `questions_eng` VALUES (403,14,'2711','장암','7','709',37.700109,127.053196,'1+1=394 ?','x','힌트지롱','ox');
INSERT INTO `questions_eng` VALUES (404,14,'4517','전대·에버랜드','E','Y126',37.285342,127.219561,'1+1=395 ?','x','힌트지롱','ox');
INSERT INTO `questions_eng` VALUES (405,14,'1956','정발산','3','312',37.659477,126.773359,'1+1=396 ?','x','힌트지롱','ox');
INSERT INTO `questions_eng` VALUES (406,14,'1454','정부과천청사','4','439',37.426513,126.98978,'1+1=397 ?','x','힌트지롱','ox');
INSERT INTO `questions_eng` VALUES (407,14,'1761','정왕','4','455',37.351735,126.742989,'1+1=398 ?','x','힌트지롱','ox');
INSERT INTO `questions_eng` VALUES (408,14,'4312','정자','S','D12',37.36706,127.108105,'1+1=399 ?','x','힌트지롱','ox');
INSERT INTO `questions_eng` VALUES (409,14,'1857','정자','B','K230',37.36706,127.108105,'1+1=400 ?','x','힌트지롱','ox');
INSERT INTO `questions_eng` VALUES (410,14,'1810','제물포','1','158',37.466769,126.656666,'1+1=401 ?','x','힌트지롱','ox');
INSERT INTO `questions_eng` VALUES (411,14,'0238','합정','2','238',37.549463,126.913739,'1+1=402 ?','x','힌트지롱','ox');
INSERT INTO `questions_eng` VALUES (412,14,'2623','합정','6','622',37.549463,126.913739,'1+1=403 ?','x','힌트지롱','ox');
INSERT INTO `questions_eng` VALUES (413,15,'2521','목동','5','520',37.526065,126.864931,'1+1=404 ?','x','힌트지롱','ox');
INSERT INTO `questions_eng` VALUES (414,15,'4111','신목동','9','911',37.544277,126.88308,'1+1=405 ?','x','힌트지롱','ox');
INSERT INTO `questions_eng` VALUES (415,15,'2520','신정','5','519',37.524997,126.856191,'1+1=406 ?','x','힌트지롱','ox');
INSERT INTO `questions_eng` VALUES (416,15,'0249','신정네거리','2','234-3',37.520074,126.852912,'1+1=407 ?','x','힌트지롱','ox');
INSERT INTO `questions_eng` VALUES (417,15,'2522','오목교','5','521',37.524496,126.875181,'1+1=408 ?','x','힌트지롱','ox');
INSERT INTO `questions_eng` VALUES (418,15,'3218','주안','I2','I218',37.464941,126.679923,'1+1=409 ?','x','힌트지롱','ox');
INSERT INTO `questions_eng` VALUES (419,15,'1809','주안','1','156',37.464941,126.679923,'1+1=410 ?','x','힌트지롱','ox');
INSERT INTO `questions_eng` VALUES (420,15,'3217','주안국가산단','I2','I217',37.473703,126.68113,'1+1=411 ?','x','힌트지롱','ox');
INSERT INTO `questions_eng` VALUES (421,15,'1957','주엽','3','311',37.670072,126.761334,'1+1=412 ?','x','힌트지롱','ox');
INSERT INTO `questions_eng` VALUES (422,15,'1862','죽전','B','K233',37.324753,127.107395,'1+1=413 ?','x','힌트지롱','ox');
INSERT INTO `questions_eng` VALUES (423,15,'1822','중동','1','149',37.486562,126.764843,'1+1=414 ?','x','힌트지롱','ox');
INSERT INTO `questions_eng` VALUES (424,15,'1756','중앙','4','450',37.315941,126.838573,'1+1=415 ?','x','힌트지롱','ox');
INSERT INTO `questions_eng` VALUES (425,15,'4503','지석','E','Y112',37.269606,127.136515,'1+1=416 ?','x','힌트지롱','ox');
INSERT INTO `questions_eng` VALUES (426,15,'1723','지제','1','P164',37.0188,127.070444,'1+1=417 ?','x','힌트지롱','ox');
INSERT INTO `questions_eng` VALUES (427,15,'0309','지축','3','319',37.648048,126.913951,'1+1=418 ?','x','힌트지롱','ox');
INSERT INTO `questions_eng` VALUES (428,15,'1912','지행','1','104',37.892334,127.055716,'1+1=419 ?','x','힌트지롱','ox');
INSERT INTO `questions_eng` VALUES (429,15,'1726','직산','1','P167',36.870593,127.143904,'1+1=420 ?','x','힌트지롱','ox');
INSERT INTO `questions_eng` VALUES (430,15,'1720','진위','1','P161',37.109447,127.062278,'1+1=421 ?','x','힌트지롱','ox');
INSERT INTO `questions_eng` VALUES (431,15,'1728','천안','1','P169',36.810005,127.146826,'1+1=422 ?','x','힌트지롱','ox');
INSERT INTO `questions_eng` VALUES (432,15,'4210','청라국제도시','A','A071',37.555878,126.625327,'1+1=423 ?','x','힌트지롱','ox');
INSERT INTO `questions_eng` VALUES (433,15,'1867','청명','B','K239',37.259489,127.078934,'1+1=424 ?','x','힌트지롱','ox');
INSERT INTO `questions_eng` VALUES (434,16,'4107','가양','9','907',37.561391,126.854456,'1+1=425 ?','x','힌트지롱','ox');
INSERT INTO `questions_eng` VALUES (435,16,'4101','개화','9','901',37.578608,126.798153,'1+1=426 ?','x','힌트지롱','ox');
INSERT INTO `questions_eng` VALUES (436,16,'2512','개화산','5','511',37.572399,126.806171,'1+1=427 ?','x','힌트지롱','ox');
INSERT INTO `questions_eng` VALUES (437,16,'4102','김포공항','9','902',37.562434,126.801058,'1+1=428 ?','x','힌트지롱','ox');
INSERT INTO `questions_eng` VALUES (438,16,'4207','김포공항','A','A05',37.562434,126.801058,'1+1=429 ?','x','힌트지롱','ox');
INSERT INTO `questions_eng` VALUES (439,16,'2513','김포공항','5','512',37.562434,126.801058,'1+1=430 ?','x','힌트지롱','ox');
INSERT INTO `questions_eng` VALUES (440,16,'2519','까치산','5','518',37.531768,126.846683,'1+1=431 ?','x','힌트지롱','ox');
INSERT INTO `questions_eng` VALUES (441,16,'0260','까치산','2','234-4',37.531768,126.846683,'1+1=432 ?','x','힌트지롱','ox');
INSERT INTO `questions_eng` VALUES (442,16,'4109','등촌','9','909',37.550632,126.865689,'1+1=433 ?','x','힌트지롱','ox');
INSERT INTO `questions_eng` VALUES (443,16,'2515','마곡','5','514',37.560183,126.825448,'1+1=434 ?','x','힌트지롱','ox');
INSERT INTO `questions_eng` VALUES (444,16,'2516','발산','5','515',37.558598,126.837668,'1+1=435 ?','x','힌트지롱','ox');
INSERT INTO `questions_eng` VALUES (445,16,'2511','방화','5','510',37.577446,126.812741,'1+1=436 ?','x','힌트지롱','ox');
INSERT INTO `questions_eng` VALUES (446,16,'2514','송정','5','513',37.561184,126.811973,'1+1=437 ?','x','힌트지롱','ox');
INSERT INTO `questions_eng` VALUES (447,16,'4104','신방화','9','904',37.567532,126.816601,'1+1=438 ?','x','힌트지롱','ox');
INSERT INTO `questions_eng` VALUES (448,16,'4106','양천향교','9','906',37.568381,126.841333,'1+1=439 ?','x','힌트지롱','ox');
INSERT INTO `questions_eng` VALUES (449,16,'4110','염창','9','910',37.546936,126.874916,'1+1=440 ?','x','힌트지롱','ox');
INSERT INTO `questions_eng` VALUES (450,16,'2517','우장산','5','516',37.548768,126.836318,'1+1=441 ?','x','힌트지롱','ox');
INSERT INTO `questions_eng` VALUES (451,16,'4108','증미','9','908',37.557402,126.861939,'1+1=442 ?','x','힌트지롱','ox');
INSERT INTO `questions_eng` VALUES (452,16,'4506','초당','E','Y115',37.260752,127.159443,'1+1=443 ?','x','힌트지롱','ox');
INSERT INTO `questions_eng` VALUES (453,16,'1505','초월','KK','K414',37.374419,127.299,'1+1=444 ?','x','힌트지롱','ox');
INSERT INTO `questions_eng` VALUES (454,16,'2518','화곡','5','517',37.541513,126.840461,'1+1=445 ?','x','힌트지롱','ox');
INSERT INTO `questions_eng` VALUES (455,17,'1801','개봉','1','143',37.494594,126.85868,'1+1=446 ?','x','힌트지롱','ox');
INSERT INTO `questions_eng` VALUES (456,17,'1701','구로','1','141',37.503039,126.881966,'1+1=447 ?','x','힌트지롱','ox');
INSERT INTO `questions_eng` VALUES (457,17,'0232','구로디지털단지','2','232',37.485266,126.901401,'1+1=448 ?','x','힌트지롱','ox');
INSERT INTO `questions_eng` VALUES (458,17,'1813','구일','1','142',37.496756,126.870793,'1+1=449 ?','x','힌트지롱','ox');
INSERT INTO `questions_eng` VALUES (459,17,'2747','남구로','7','745',37.486056,126.887249,'1+1=450 ?','x','힌트지롱','ox');
INSERT INTO `questions_eng` VALUES (460,17,'0233','대림','2','233',37.49297,126.895801,'1+1=451 ?','x','힌트지롱','ox');
INSERT INTO `questions_eng` VALUES (461,17,'0247','도림천','2','234-1',37.514287,126.882768,'1+1=452 ?','x','힌트지롱','ox');
INSERT INTO `questions_eng` VALUES (462,17,'0234','신도림','2','234',37.508725,126.891295,'1+1=453 ?','x','힌트지롱','ox');
INSERT INTO `questions_eng` VALUES (463,17,'1007','신도림','1','140',37.508725,126.891295,'1+1=454 ?','x','힌트지롱','ox');
INSERT INTO `questions_eng` VALUES (464,17,'1802','오류동','1','144',37.494526,126.845365,'1+1=455 ?','x','힌트지롱','ox');
INSERT INTO `questions_eng` VALUES (465,17,'0325','옥수','3','335',37.540685,127.017965,'1+1=456 ?','x','힌트지롱','ox');
INSERT INTO `questions_eng` VALUES (466,17,'2752','온수','7','750',37.492258,126.823388,'1+1=457 ?','x','힌트지롱','ox');
INSERT INTO `questions_eng` VALUES (467,17,'1821','온수','1','145',37.492258,126.823388,'1+1=458 ?','x','힌트지롱','ox');
INSERT INTO `questions_eng` VALUES (468,17,'2751','천왕','7','749',37.486637,126.838713,'1+1=459 ?','x','힌트지롱','ox');
INSERT INTO `questions_eng` VALUES (469,17,'1758','초지','4','452',37.320646,126.805913,'1+1=460 ?','x','힌트지롱','ox');
INSERT INTO `questions_eng` VALUES (470,18,'2748','가산디지털단지','7','746',37.481072,126.882343,'1+1=461 ?','x','힌트지롱','ox');
INSERT INTO `questions_eng` VALUES (471,18,'1702','가산디지털단지','1','P142',37.481072,126.882343,'1+1=462 ?','x','힌트지롱','ox');
INSERT INTO `questions_eng` VALUES (472,18,'1703','금천구청','1','P144',37.455626,126.89398,'1+1=463 ?','x','힌트지롱','ox');
INSERT INTO `questions_eng` VALUES (473,18,'1714','독산','1','P143',37.466613,126.889249,'1+1=464 ?','x','힌트지롱','ox');
INSERT INTO `questions_eng` VALUES (474,18,'1704','석수','1','P145',37.435047,126.902295,'1+1=465 ?','x','힌트지롱','ox');
INSERT INTO `questions_eng` VALUES (475,18,'2755','춘의','7','753',37.503663,126.787036,'1+1=466 ?','x','힌트지롱','ox');
INSERT INTO `questions_eng` VALUES (476,18,'1919.0','운학집','F','FUCK',37.456434,126.696099,'1+1=467 ?','x','힌트지롱','ox');
INSERT INTO `questions_eng` VALUES (477,19,'4114','국회의사당','9','914',37.528105,126.917874,'1+1=468 ?','x','힌트지롱','ox');
INSERT INTO `questions_eng` VALUES (478,19,'2746','대림','7','744',37.49297,126.895801,'1+1=469 ?','x','힌트지롱','ox');
INSERT INTO `questions_eng` VALUES (479,19,'1005','대방','1','137',37.513342,126.926382,'1+1=470 ?','x','힌트지롱','ox');
INSERT INTO `questions_eng` VALUES (480,19,'0235','문래','2','235',37.517933,126.89476,'1+1=471 ?','x','힌트지롱','ox');
INSERT INTO `questions_eng` VALUES (481,19,'2744','보라매','7','742',37.499872,126.920428,'1+1=472 ?','x','힌트지롱','ox');
INSERT INTO `questions_eng` VALUES (482,19,'4116','샛강','9','916',37.517274,126.928422,'1+1=473 ?','x','힌트지롱','ox');
INSERT INTO `questions_eng` VALUES (483,19,'1032','신길','1','138',37.517122,126.917169,'1+1=474 ?','x','힌트지롱','ox');
INSERT INTO `questions_eng` VALUES (484,19,'2745','신풍','7','743',37.50008,126.90993,'1+1=475 ?','x','힌트지롱','ox');
INSERT INTO `questions_eng` VALUES (485,19,'2528','여의나루','5','527',37.527098,126.932901,'1+1=476 ?','x','힌트지롱','ox');
INSERT INTO `questions_eng` VALUES (486,19,'2527','여의도','5','526',37.521624,126.924191,'1+1=477 ?','x','힌트지롱','ox');
INSERT INTO `questions_eng` VALUES (487,19,'4115','여의도','9','915',37.521624,126.924191,'1+1=478 ?','x','힌트지롱','ox');
INSERT INTO `questions_eng` VALUES (488,19,'1006','영등포','1','139',37.515504,126.907628,'1+1=479 ?','x','힌트지롱','ox');
INSERT INTO `questions_eng` VALUES (489,19,'2524','영등포구청','5','523',37.52497,126.895951,'1+1=480 ?','x','힌트지롱','ox');
INSERT INTO `questions_eng` VALUES (490,19,'0236','영등포구청','2','236',37.52497,126.895951,'1+1=481 ?','x','힌트지롱','ox');
INSERT INTO `questions_eng` VALUES (491,19,'2525','영등포시장','5','524',37.522669,126.905139,'1+1=482 ?','x','힌트지롱','ox');
INSERT INTO `questions_eng` VALUES (492,19,'1276','탄현','K','K327',37.694023,126.761086,'1+1=483 ?','x','힌트지롱','ox');
INSERT INTO `questions_eng` VALUES (493,19,'4615','탑석','U','U125',37.733579,127.088704,'1+1=484 ?','x','힌트지롱','ox');
INSERT INTO `questions_eng` VALUES (494,20,'2739','남성','7','737',37.484596,126.971251,'1+1=485 ?','x','힌트지롱','ox');
INSERT INTO `questions_eng` VALUES (495,20,'4118','노들','9','918',37.512887,126.953222,'1+1=486 ?','x','힌트지롱','ox');
INSERT INTO `questions_eng` VALUES (496,20,'4117','노량진','9','917',37.514219,126.942454,'1+1=487 ?','x','힌트지롱','ox');
INSERT INTO `questions_eng` VALUES (497,20,'1004','노량진','1','136',37.514219,126.942454,'1+1=488 ?','x','힌트지롱','ox');
INSERT INTO `questions_eng` VALUES (498,20,'4120','동작','9','920',37.502971,126.979306,'1+1=489 ?','x','힌트지롱','ox');
INSERT INTO `questions_eng` VALUES (499,20,'0431','동작','4','431',37.502971,126.979306,'1+1=490 ?','x','힌트지롱','ox');
INSERT INTO `questions_eng` VALUES (500,20,'0433','사당','4','433',37.47653,126.981685,'1+1=491 ?','x','힌트지롱','ox');
INSERT INTO `questions_eng` VALUES (501,20,'0226','사당','2','226',37.47653,126.981685,'1+1=492 ?','x','힌트지롱','ox');
INSERT INTO `questions_eng` VALUES (502,20,'2741','상도','7','739',37.502834,126.94791,'1+1=493 ?','x','힌트지롱','ox');
INSERT INTO `questions_eng` VALUES (503,20,'2740','숭실대입구','7','738',37.496029,126.953822,'1+1=494 ?','x','힌트지롱','ox');
INSERT INTO `questions_eng` VALUES (504,20,'0231','신대방','2','231',37.487462,126.913149,'1+1=495 ?','x','힌트지롱','ox');
INSERT INTO `questions_eng` VALUES (505,20,'2743','신대방삼거리','7','741',37.499701,126.928276,'1+1=496 ?','x','힌트지롱','ox');
INSERT INTO `questions_eng` VALUES (506,20,'2742','장승배기','7','740',37.504898,126.93915,'1+1=497 ?','x','힌트지롱','ox');
INSERT INTO `questions_eng` VALUES (507,20,'2738','총신대입구(이수)','7','736',37.486263,126.981989,'1+1=498 ?','x','힌트지롱','ox');
INSERT INTO `questions_eng` VALUES (508,20,'0432','총신대입구(이수)','4','432',37.486263,126.981989,'1+1=499 ?','x','힌트지롱','ox');
INSERT INTO `questions_eng` VALUES (509,20,'1852','태평','B','K224',37.440019,127.127709,'1+1=500 ?','x','힌트지롱','ox');
INSERT INTO `questions_eng` VALUES (510,20,'1283','파주','K','K334',37.815298,126.792783,'1+1=501 ?','x','힌트지롱','ox');
INSERT INTO `questions_eng` VALUES (511,20,'4119','흑석','9','919',37.50877,126.963708,'1+1=502 ?','x','힌트지롱','ox');
INSERT INTO `questions_eng` VALUES (512,21,'0227','낙성대','2','227',37.47693,126.963693,'1+1=503 ?','x','힌트지롱','ox');
INSERT INTO `questions_eng` VALUES (513,21,'0229','봉천','2','229',37.482362,126.941892,'1+1=504 ?','x','힌트지롱','ox');
INSERT INTO `questions_eng` VALUES (514,21,'0228','서울대입구','2','228',37.481247,126.952739,'1+1=505 ?','x','힌트지롱','ox');
INSERT INTO `questions_eng` VALUES (515,21,'0230','신림','2','230',37.484201,126.929715,'1+1=506 ?','x','힌트지롱','ox');
INSERT INTO `questions_eng` VALUES (516,21,'4311','판교','S','D11',37.394761,127.111217,'1+1=507 ?','x','힌트지롱','ox');
INSERT INTO `questions_eng` VALUES (517,21,'1501','판교','KK','K410',37.394761,127.111217,'1+1=508 ?','x','힌트지롱','ox');
INSERT INTO `questions_eng` VALUES (518,21,'1210','팔당','K','K128',37.547371,127.243939,'1+1=509 ?','x','힌트지롱','ox');
INSERT INTO `questions_eng` VALUES (519,22,'4123','고속터미널','9','923',37.50481,127.004943,'1+1=510 ?','x','힌트지롱','ox');
INSERT INTO `questions_eng` VALUES (520,22,'2736','고속터미널','7','734',37.50481,127.004943,'1+1=511 ?','x','힌트지롱','ox');
INSERT INTO `questions_eng` VALUES (521,22,'0329','고속터미널','3','339',37.50481,127.004943,'1+1=512 ?','x','힌트지롱','ox');
INSERT INTO `questions_eng` VALUES (522,22,'0223','교대','2','223',37.493415,127.01408,'1+1=513 ?','x','힌트지롱','ox');
INSERT INTO `questions_eng` VALUES (523,22,'0330','교대','3','340',37.493415,127.01408,'1+1=514 ?','x','힌트지롱','ox');
INSERT INTO `questions_eng` VALUES (524,22,'4121','구반포','9','921',37.501364,126.987332,'1+1=515 ?','x','힌트지롱','ox');
INSERT INTO `questions_eng` VALUES (525,22,'0331','남부터미널','3','341',37.485013,127.016189,'1+1=516 ?','x','힌트지롱','ox');
INSERT INTO `questions_eng` VALUES (526,22,'0434','남태령','4','434',37.463873,126.989134,'1+1=517 ?','x','힌트지롱','ox');
INSERT INTO `questions_eng` VALUES (527,22,'2737','내방','7','735',37.487618,126.993513,'1+1=518 ?','x','힌트지롱','ox');
INSERT INTO `questions_eng` VALUES (528,22,'0225','방배','2','225',37.481426,126.997596,'1+1=519 ?','x','힌트지롱','ox');
INSERT INTO `questions_eng` VALUES (529,22,'4124','사평','9','924',37.504206,127.015259,'1+1=520 ?','x','힌트지롱','ox');
INSERT INTO `questions_eng` VALUES (530,22,'0224','서초','2','224',37.491897,127.007917,'1+1=521 ?','x','힌트지롱','ox');
INSERT INTO `questions_eng` VALUES (531,22,'4122','신반포','9','922',37.503415,126.995925,'1+1=522 ?','x','힌트지롱','ox');
INSERT INTO `questions_eng` VALUES (532,22,'4308','양재','S','D8',37.484147,127.034631,'1+1=523 ?','x','힌트지롱','ox');
INSERT INTO `questions_eng` VALUES (533,22,'4309','양재시민의숲','S','D9',37.470023,127.03842,'1+1=524 ?','x','힌트지롱','ox');
INSERT INTO `questions_eng` VALUES (534,22,'4310','청계산입구','S','D10',37.447211,127.055664,'1+1=525 ?','x','힌트지롱','ox');
INSERT INTO `questions_eng` VALUES (535,22,'1456','평촌','4','441',37.394287,126.963883,'1+1=526 ?','x','힌트지롱','ox');
INSERT INTO `questions_eng` VALUES (536,22,'1724','평택','1','P165',36.990726,127.085159,'1+1=527 ?','x','힌트지롱','ox');
INSERT INTO `questions_eng` VALUES (537,23,'4307','강남','S','D7',37.497175,127.027926,'1+1=528 ?','x','힌트지롱','ox');
INSERT INTO `questions_eng` VALUES (538,23,'0222','강남','2','222',37.497175,127.027926,'1+1=529 ?','x','힌트지롱','ox');
INSERT INTO `questions_eng` VALUES (539,23,'1849','강남구청','B','K213',37.517186,127.04128,'1+1=530 ?','x','힌트지롱','ox');
INSERT INTO `questions_eng` VALUES (540,23,'2732','강남구청','7','730',37.517186,127.04128,'1+1=531 ?','x','힌트지롱','ox');
INSERT INTO `questions_eng` VALUES (541,23,'1027','개포동','B','k219',37.489116,127.06614,'1+1=532 ?','x','힌트지롱','ox');
INSERT INTO `questions_eng` VALUES (542,23,'1026','구룡','B','k218',37.486839,127.058856,'1+1=533 ?','x','힌트지롱','ox');
INSERT INTO `questions_eng` VALUES (543,23,'2734','논현','7','732',37.511093,127.021415,'1+1=534 ?','x','힌트지롱','ox');
INSERT INTO `questions_eng` VALUES (544,23,'1028','대모산입구','B','k220',37.491373,127.07272,'1+1=535 ?','x','힌트지롱','ox');
INSERT INTO `questions_eng` VALUES (545,23,'0337','대청','3','347',37.493514,127.079532,'1+1=536 ?','x','힌트지롱','ox');
INSERT INTO `questions_eng` VALUES (546,23,'0335','대치','3','345',37.494612,127.063642,'1+1=537 ?','x','힌트지롱','ox');
INSERT INTO `questions_eng` VALUES (547,23,'1025','도곡','B','K217',37.490858,127.055381,'1+1=538 ?','x','힌트지롱','ox');
INSERT INTO `questions_eng` VALUES (548,23,'0334','도곡','3','344',37.490858,127.055381,'1+1=539 ?','x','힌트지롱','ox');
INSERT INTO `questions_eng` VALUES (549,23,'0333','매봉','3','343',37.486947,127.046769,'1+1=540 ?','x','힌트지롱','ox');
INSERT INTO `questions_eng` VALUES (550,23,'0219','삼성','2','219',37.508844,127.06316,'1+1=541 ?','x','힌트지롱','ox');
INSERT INTO `questions_eng` VALUES (551,23,'1023','선릉','B','K215',37.504503,127.049008,'1+1=542 ?','x','힌트지롱','ox');
INSERT INTO `questions_eng` VALUES (552,23,'0220','선릉','2','220',37.504503,127.049008,'1+1=543 ?','x','힌트지롱','ox');
INSERT INTO `questions_eng` VALUES (553,23,'1030','수서','B','K221',37.487371,127.10188,'1+1=544 ?','x','힌트지롱','ox');
INSERT INTO `questions_eng` VALUES (554,23,'4125','신논현','9','925',37.504598,127.02506,'1+1=545 ?','x','힌트지롱','ox');
INSERT INTO `questions_eng` VALUES (555,23,'0327','신사','3','337',37.516334,127.020114,'1+1=546 ?','x','힌트지롱','ox');
INSERT INTO `questions_eng` VALUES (556,23,'0326','압구정','3','336',37.527072,127.028461,'1+1=547 ?','x','힌트지롱','ox');
INSERT INTO `questions_eng` VALUES (557,23,'0221','역삼','2','221',37.500622,127.036456,'1+1=548 ?','x','힌트지롱','ox');
INSERT INTO `questions_eng` VALUES (558,23,'0338','일원','3','348',37.483681,127.08439,'1+1=549 ?','x','힌트지롱','ox');
INSERT INTO `questions_eng` VALUES (559,23,'2731','청담','7','729',37.519365,127.05335,'1+1=550 ?','x','힌트지롱','ox');
INSERT INTO `questions_eng` VALUES (560,23,'1274','풍산','K','K325',37.672346,126.786243,'1+1=551 ?','x','힌트지롱','ox');
INSERT INTO `questions_eng` VALUES (561,23,'2733','학동','7','731',37.514229,127.031656,'1+1=552 ?','x','힌트지롱','ox');
INSERT INTO `questions_eng` VALUES (562,23,'0336','학여울','3','346',37.496663,127.070594,'1+1=553 ?','x','힌트지롱','ox');
INSERT INTO `questions_eng` VALUES (563,23,'1024','한티','B','k216',37.496237,127.052873,'1+1=554 ?','x','힌트지롱','ox');
INSERT INTO `questions_eng` VALUES (564,24,'2818','가락시장','8','817',37.492522,127.118234,'1+1=555 ?','x','힌트지롱','ox');
INSERT INTO `questions_eng` VALUES (565,24,'0340','가락시장','3.0','350',37.492522,127.118234,'1+1=556 ?','x','힌트지롱','ox');
INSERT INTO `questions_eng` VALUES (566,24,'2559','개롱','5','P553',37.498079,127.13482,'1+1=557 ?','x','힌트지롱','ox');
INSERT INTO `questions_eng` VALUES (567,24,'2560','거여','5','P554',37.493105,127.14415,'1+1=558 ?','x','힌트지롱','ox');
INSERT INTO `questions_eng` VALUES (568,24,'0341','경찰병원','3','351',37.495918,127.12454,'1+1=559 ?','x','힌트지롱','ox');
INSERT INTO `questions_eng` VALUES (569,24,'2561','마천','5','P555',37.49499,127.152781,'1+1=560 ?','x','힌트지롱','ox');
INSERT INTO `questions_eng` VALUES (570,24,'2814','몽촌토성','8','813',37.517409,127.112359,'1+1=561 ?','x','힌트지롱','ox');
INSERT INTO `questions_eng` VALUES (571,24,'2819','문정','8','818',37.485855,127.1225,'1+1=562 ?','x','힌트지롱','ox');
INSERT INTO `questions_eng` VALUES (572,24,'2557','방이','5','P551',37.508857,127.126133,'1+1=563 ?','x','힌트지롱','ox');
INSERT INTO `questions_eng` VALUES (573,24,'2821','복정','8','820',37.470047,127.126662,'1+1=564 ?','x','힌트지롱','ox');
INSERT INTO `questions_eng` VALUES (574,24,'1031','복정','B','K222',37.470047,127.126662,'1+1=565 ?','x','힌트지롱','ox');
INSERT INTO `questions_eng` VALUES (575,24,'2816','석촌','8','815',37.505431,127.106979,'1+1=566 ?','x','힌트지롱','ox');
INSERT INTO `questions_eng` VALUES (576,24,'2817','송파','8','816',37.499703,127.112183,'1+1=567 ?','x','힌트지롱','ox');
INSERT INTO `questions_eng` VALUES (577,24,'2556','올림픽공원','5','P550',37.516078,127.130848,'1+1=568 ?','x','힌트지롱','ox');
INSERT INTO `questions_eng` VALUES (578,24,'2815','잠실','8','814',37.51395,127.102234,'1+1=569 ?','x','힌트지롱','ox');
INSERT INTO `questions_eng` VALUES (579,24,'0216','잠실','2','216',37.51395,127.102234,'1+1=570 ?','x','힌트지롱','ox');
INSERT INTO `questions_eng` VALUES (580,24,'0215','잠실나루','2','215',37.520733,127.10379,'1+1=571 ?','x','힌트지롱','ox');
INSERT INTO `questions_eng` VALUES (581,24,'0217','잠실새내','2','217',37.511687,127.086162,'1+1=572 ?','x','힌트지롱','ox');
INSERT INTO `questions_eng` VALUES (582,24,'2820','장지','8','819',37.478703,127.126191,'1+1=573 ?','x','힌트지롱','ox');
INSERT INTO `questions_eng` VALUES (583,24,'0218','종합운동장','2','218',37.510997,127.073642,'1+1=574 ?','x','힌트지롱','ox');
INSERT INTO `questions_eng` VALUES (584,24,'4130','종합운동장','9','930',37.510997,127.073642,'1+1=575 ?','x','힌트지롱','ox');
INSERT INTO `questions_eng` VALUES (585,25,'2549','강동','5','548',37.535804,127.132481,'1+1=576 ?','x','힌트지롱','ox');
INSERT INTO `questions_eng` VALUES (586,25,'2813','강동구청','8','812',37.530341,127.120508,'1+1=577 ?','x','힌트지롱','ox');
INSERT INTO `questions_eng` VALUES (587,25,'2553','고덕','5','552',37.555004,127.154151,'1+1=578 ?','x','힌트지롱','ox');
INSERT INTO `questions_eng` VALUES (588,25,'2551','굽은다리','5','550',37.545477,127.142853,'1+1=579 ?','x','힌트지롱','ox');
INSERT INTO `questions_eng` VALUES (589,25,'2550','길동','5','549',37.537801,127.140004,'1+1=580 ?','x','힌트지롱','ox');
INSERT INTO `questions_eng` VALUES (590,25,'2555','둔촌동','5','P549',37.527788,127.136248,'1+1=581 ?','x','힌트지롱','ox');
INSERT INTO `questions_eng` VALUES (591,25,'2552','명일','5','551',37.55137,127.143999,'1+1=582 ?','x','힌트지롱','ox');
INSERT INTO `questions_eng` VALUES (592,25,'2554','상일동','5','553',37.556712,127.166417,'1+1=583 ?','x','힌트지롱','ox');
INSERT INTO `questions_eng` VALUES (593,25,'2811','암사','8','810',37.55021,127.127562,'1+1=584 ?','x','힌트지롱','ox');
INSERT INTO `questions_eng` VALUES (594,25,'2812','천호','8','811',37.538397,127.123572,'1+1=585 ?','x','힌트지롱','ox');
INSERT INTO `questions_eng` VALUES (595,25,'2548','천호','5','547',37.538397,127.123572,'1+1=586 ?','x','힌트지롱','ox');
INSERT INTO `questions_eng` VALUES (596,26,'2750','광명사거리','7','748',37.479252,126.854876,'1+1=587 ?','x','힌트지롱','ox');
INSERT INTO `questions_eng` VALUES (597,26,'2749','철산','7','747',37.47605,126.867911,'1+1=588 ?','x','힌트지롱','ox');
INSERT INTO `questions_eng` VALUES (598,26,'1755','한대앞','4','449',37.309689,126.85344,'1+1=589 ?','x','힌트지롱','ox');
INSERT INTO `questions_eng` VALUES (599,26,'1270','행신','K','K320',37.612102,126.834146,'1+1=590 ?','x','힌트지롱','ox');
INSERT INTO `questions_eng` VALUES (600,26,'1264','홍대입구','K','K314',37.557192,126.925381,'1+1=591 ?','x','힌트지롱','ox');
INSERT INTO `questions_eng` VALUES (601,26,'1293','홍대입구','A','A03',37.557192,126.925381,'1+1=592 ?','x','힌트지롱','ox');
INSERT INTO `questions_eng` VALUES (602,26,'0239','홍대입구','2','239',37.557192,126.925381,'1+1=593 ?','x','힌트지롱','ox');
INSERT INTO `questions_eng` VALUES (603,26,'2647','화랑대','6','646',37.620064,127.084689,'1+1=594 ?','x','힌트지롱','ox');
INSERT INTO `questions_eng` VALUES (604,26,'1712','화서','1','P154',37.283862,126.989627,'1+1=595 ?','x','힌트지롱','ox');
INSERT INTO `questions_eng` VALUES (605,26,'1268','화전','K','K318',37.602888,126.868387,'1+1=596 ?','x','힌트지롱','ox');
INSERT INTO `questions_eng` VALUES (606,26,'1952','화정','3','316',37.634592,126.83265,'1+1=597 ?','x','힌트지롱','ox');
INSERT INTO `questions_eng` VALUES (607,26,'4602','회룡','U','U111',37.724846,127.046895,'1+1=598 ?','x','힌트지롱','ox');
INSERT INTO `questions_eng` VALUES (608,26,'1905','회룡','1','111',37.724846,127.046895,'1+1=599 ?','x','힌트지롱','ox');
INSERT INTO `questions_eng` VALUES (609,26,'4611','효자','U','U121',37.754025,127.076902,'1+1=600 ?','x','힌트지롱','ox');
INSERT INTO `questions_eng` VALUES (610,26,'4606','흥선','U','U115',37.743302,127.037023,'1+1=18?','x','없음','ox');
INSERT INTO `questions_eng` VALUES (1002,26,'1818.0','운학집','A','U111',37.456434,126.696099,'1+1=467 ?','x','힌트지롱','ox');
CREATE TABLE IF NOT EXISTS `questions` (
	`question_code`	INTEGER NOT NULL,
	`region_code`	INTEGER,
	`train_code`	VARCHAR ( 64 ),
	`question_name`	VARCHAR ( 64 ),
	`line`	VARCHAR ( 64 ),
	`foreign_code`	VARCHAR ( 64 ),
	`x_coordinate`	FLOAT,
	`y_coordinate`	FLOAT,
	`question`	VARCHAR ( 64 ),
	`answer`	VARCHAR ( 64 ),
	`hint`	VARCHAR ( 64 ),
	`content_type`	VARCHAR ( 64 ),
	FOREIGN KEY(`region_code`) REFERENCES `regions`(`region_code`),
	PRIMARY KEY(`question_code`)
);
INSERT INTO `questions` VALUES (1,1,'1907','가능','1','109',37.748577,127.044213,'1+1=2 ?','1.0','힌트지롱','ox');
INSERT INTO `questions` VALUES (2,1,'3216','가재울','I2','I216',37.484192,126.683673,'한국의 수도는?','seoul','힌트지롱','default');
INSERT INTO `questions` VALUES (3,1,'3211','가정','I2','I211',37.524649,126.675539,'1+1=3 ?','2.0','힌트지롱','ox');
INSERT INTO `questions` VALUES (4,1,'3212','가정중앙시장','I2','I212',37.517054,126.676672,'1+1=2 ?','1.0','힌트지롱','ox');
INSERT INTO `questions` VALUES (5,1,'1851','가천대','B','K223',37.448605,127.126697,'한국의 수도는?','seoul','힌트지롱','default');
INSERT INTO `questions` VALUES (6,1,'1816','간석','1','155',37.464737,126.694181,'1+1=3 ?','2.0','힌트지롱','ox');
INSERT INTO `questions` VALUES (7,1,'4502','강남대','E','Y111',37.270161,127.126033,'1+1=2 ?','1.0','힌트지롱','ox');
INSERT INTO `questions` VALUES (8,1,'1269','강매','K','K319',37.612314,126.843223,'한국의 수도는?','seoul','힌트지롱','default');
INSERT INTO `questions` VALUES (9,1,'0317','경복궁','3','327',37.575762,126.97353,'1+1=3 ?','2.0','힌트지롱','ox');
INSERT INTO `questions` VALUES (10,1,'2534','광화문','5','533',37.571026,126.976669,'1+1=2 ?','1.0','힌트지롱','ox');
INSERT INTO `questions` VALUES (11,1,'2637','동묘앞','6','636',37.572627,127.016429,'한국의 수도는?','seoul','힌트지롱','default');
INSERT INTO `questions` VALUES (12,1,'0159','동묘앞','1','127',37.572627,127.016429,'1+1=3 ?','x','힌트지롱','ox');
INSERT INTO `questions` VALUES (13,1,'0318','안국','3','328',37.576477,126.985443,'1+1=4 ?','x','힌트지롱','ox');
INSERT INTO `questions` VALUES (14,1,'0152','종각','1','131',37.570161,126.982923,'1+1=5 ?','x','힌트지롱','ox');
INSERT INTO `questions` VALUES (15,1,'2535','종로3가','5','534',37.571607,126.991806,'1+1=6 ?','x','힌트지롱','ox');
INSERT INTO `questions` VALUES (16,1,'0319','종로3가','3','329',37.571607,126.991806,'1+1=7 ?','x','힌트지롱','');
INSERT INTO `questions` VALUES (17,1,'0153','종로3가','1','130',37.571607,126.991806,'1+1=8 ?','x','힌트지롱','ox');
INSERT INTO `questions` VALUES (18,1,'0154','종로5가','1','129',37.570926,127.001849,'1+1=9 ?','x','힌트지롱','ox');
INSERT INTO `questions` VALUES (19,1,'2638','창신','6','637',37.579661,127.015241,'1+1=10 ?','x','힌트지롱','ox');
INSERT INTO `questions` VALUES (20,1,'0420','혜화','4','420',37.582336,127.001844,'1+1=11 ?','x','힌트지롱','ox');
INSERT INTO `questions` VALUES (21,2,'3203','검단사거리','I2','I203',37.60185,126.657108,'1+1=12 ?','x','힌트지롱','ox');
INSERT INTO `questions` VALUES (22,2,'3201','검단오류','I2','I201',37.594877,126.627178,'1+1=13 ?','x','힌트지롱','ox');
INSERT INTO `questions` VALUES (23,2,'3208','검바위','I2','I208',37.561405,126.677566,'1+1=14 ?','x','힌트지롱','ox');
INSERT INTO `questions` VALUES (24,2,'3207','검암','I2','I207',37.569104,126.673728,'1+1=15 ?','x','힌트지롱','ox');
INSERT INTO `questions` VALUES (25,2,'4209','검암','A','A07',37.569104,126.673728,'1+1=16 ?','x','힌트지롱','ox');
INSERT INTO `questions` VALUES (26,2,'1504','경기광주','KK','K413',37.399907,127.25263,'1+1=17 ?','x','힌트지롱','ox');
INSERT INTO `questions` VALUES (27,2,'4610','경기도청북부청사','U','U120',37.75059,127.071495,'1+1=18 ?','x','힌트지롱','ox');
INSERT INTO `questions` VALUES (28,2,'1451','경마공원','4','436',37.443885,127.007888,'1+1=19 ?','x','힌트지롱','ox');
INSERT INTO `questions` VALUES (29,2,'4604','경전철의정부','U','U113',37.737202,127.043257,'1+1=20 ?','x','힌트지롱','ox');
INSERT INTO `questions` VALUES (30,2,'4208','계양','A','A06',37.571462,126.735637,'1+1=21 ?','x','힌트지롱','ox');
INSERT INTO `questions` VALUES (31,2,'2537','동대문역사문화공원','5','536',37.565138,127.007896,'1+1=22 ?','x','힌트지롱','ox');
INSERT INTO `questions` VALUES (32,2,'0205','동대문역사문화공원','2','205',37.565138,127.007896,'1+1=23 ?','x','힌트지롱','ox');
INSERT INTO `questions` VALUES (33,2,'0422','동대문역사문화공원','4','422',37.565138,127.007896,'1+1=24 ?','x','힌트지롱','ox');
INSERT INTO `questions` VALUES (34,2,'0322','동대입구','3','332',37.559052,127.005602,'1+1=25 ?','x','힌트지롱','ox');
INSERT INTO `questions` VALUES (35,2,'0424','명동','4','424',37.560989,126.986325,'1+1=26 ?','x','힌트지롱','ox');
INSERT INTO `questions` VALUES (36,2,'1291','서울','A','A01',37.554648,126.972559,'1+1=27 ?','x','힌트지롱','ox');
INSERT INTO `questions` VALUES (37,2,'0150','서울','1','133',37.554648,126.972559,'1+1=28 ?','x','힌트지롱','ox');
INSERT INTO `questions` VALUES (38,2,'1251','서울(경의중앙선)','K','P313',37.556328,126.969522,'1+1=29 ?','x','힌트지롱','ox');
INSERT INTO `questions` VALUES (39,2,'0201','시청','2','201',37.564718,126.977108,'1+1=30 ?','x','힌트지롱','ox');
INSERT INTO `questions` VALUES (40,2,'0151','시청','1','132',37.564718,126.977108,'1+1=31 ?','x','힌트지롱','ox');
INSERT INTO `questions` VALUES (41,2,'0206','신당','2','206',37.565972,127.01782,'1+1=32 ?','x','힌트지롱','ox');
INSERT INTO `questions` VALUES (42,2,'2636','신당','6','635',37.565972,127.01782,'1+1=33 ?','x','힌트지롱','ox');
INSERT INTO `questions` VALUES (43,2,'0323','약수','3','333',37.55434,127.010655,'1+1=34 ?','x','힌트지롱','ox');
INSERT INTO `questions` VALUES (44,2,'2634','약수','6','633',37.55434,127.010655,'1+1=35 ?','x','힌트지롱','ox');
INSERT INTO `questions` VALUES (45,2,'0320','을지로3가','3','330',37.566295,126.99191,'1+1=36 ?','x','힌트지롱','ox');
INSERT INTO `questions` VALUES (46,2,'0203','을지로3가','2','203',37.566295,126.99191,'1+1=37 ?','x','힌트지롱','ox');
INSERT INTO `questions` VALUES (47,2,'2536','을지로4가','5','535',37.566941,126.998079,'1+1=38 ?','x','힌트지롱','ox');
INSERT INTO `questions` VALUES (48,2,'0204','을지로4가','2','204',37.566941,126.998079,'1+1=39 ?','x','힌트지롱','ox');
INSERT INTO `questions` VALUES (49,2,'0202','을지로입구','2','202',37.566014,126.982618,'1+1=40 ?','x','힌트지롱','ox');
INSERT INTO `questions` VALUES (50,2,'2635','청구','6','634',37.560245,127.013828,'1+1=41 ?','x','힌트지롱','ox');
INSERT INTO `questions` VALUES (51,2,'2538','청구','5','537',37.560245,127.013828,'1+1=42 ?','x','힌트지롱','ox');
INSERT INTO `questions` VALUES (52,2,'0321','충무로','3','331',37.561243,126.99428,'1+1=43 ?','x','힌트지롱','ox');
INSERT INTO `questions` VALUES (53,2,'0423','충무로','4','423',37.561243,126.99428,'1+1=44 ?','x','힌트지롱','ox');
INSERT INTO `questions` VALUES (54,2,'0425','회현','4','425',37.558514,126.978246,'1+1=45 ?','x','힌트지롱','ox');
INSERT INTO `questions` VALUES (55,3,'1757','고잔','4','451',37.316777,126.823249,'1+1=46 ?','x','힌트지롱','ox');
INSERT INTO `questions` VALUES (56,3,'4513','고진','E','Y121',37.24484,127.214251,'1+1=47 ?','x','힌트지롱','ox');
INSERT INTO `questions` VALUES (57,3,'1272','곡산','K','K323',37.645676,126.801762,'1+1=48 ?','x','힌트지롱','ox');
INSERT INTO `questions` VALUES (58,3,'4612','곤제','U','U122',37.750471,127.083715,'1+1=49 ?','x','힌트지롱','ox');
INSERT INTO `questions` VALUES (59,3,'1506','곤지암','KK','K415',37.351315,127.34674,'1+1=50 ?','x','힌트지롱','ox');
INSERT INTO `questions` VALUES (60,3,'4103','공항시장','9','903',37.563726,126.810678,'1+1=51 ?','x','힌트지롱','ox');
INSERT INTO `questions` VALUES (61,3,'4212','공항화물청사','A','A09',37.458366,126.476241,'1+1=52 ?','x','힌트지롱','ox');
INSERT INTO `questions` VALUES (62,3,'1453','과천','4','438',37.433021,126.996568,'1+1=53 ?','x','힌트지롱','ox');
INSERT INTO `questions` VALUES (63,3,'1705','관악','1','P146',37.419232,126.908706,'1+1=54 ?','x','힌트지롱','ox');
INSERT INTO `questions` VALUES (64,3,'4319','광교','S','D19',37.30211,127.044483,'1+1=55 ?','x','힌트지롱','ox');
INSERT INTO `questions` VALUES (65,3,'4318','광교중앙','S','D18',37.288617,127.051478,'1+1=56 ?','x','힌트지롱','ox');
INSERT INTO `questions` VALUES (66,3,'1750','광명','1','P144-1',37.416182,126.884466,'1+1=57 ?','x','힌트지롱','ox');
INSERT INTO `questions` VALUES (67,3,'1205','구리','K','K123',37.603392,127.143869,'1+1=58 ?','x','힌트지롱','ox');
INSERT INTO `questions` VALUES (68,3,'1863','구성','B','K235',37.298969,127.105664,'1+1=59 ?','x','힌트지롱','ox');
INSERT INTO `questions` VALUES (69,3,'2630','녹사평','6','629',37.534675,126.986695,'1+1=60 ?','x','힌트지롱','ox');
INSERT INTO `questions` VALUES (70,3,'2629','삼각지','6','628',37.534777,126.97311,'1+1=61 ?','x','힌트지롱','ox');
INSERT INTO `questions` VALUES (71,3,'0428','삼각지','4','428',37.534777,126.97311,'1+1=62 ?','x','힌트지롱','ox');
INSERT INTO `questions` VALUES (72,3,'1009','서빙고','K','K112',37.519594,126.988537,'1+1=63 ?','x','힌트지롱','ox');
INSERT INTO `questions` VALUES (73,3,'0426','서울','4','426',37.554648,126.972559,'1+1=64 ?','x','힌트지롱','ox');
INSERT INTO `questions` VALUES (74,3,'0427','숙대입구','4','427',37.54456,126.972106,'1+1=65 ?','x','힌트지롱','ox');
INSERT INTO `questions` VALUES (75,3,'0429','신용산','4','429',37.52917,126.967894,'1+1=66 ?','x','힌트지롱','ox');
INSERT INTO `questions` VALUES (76,3,'1290','용산','K','K110',37.529849,126.964561,'1+1=67 ?','x','힌트지롱','ox');
INSERT INTO `questions` VALUES (77,3,'1003','용산','1','135',37.529849,126.964561,'1+1=68 ?','x','힌트지롱','ox');
INSERT INTO `questions` VALUES (78,3,'1008','이촌','K','K111',37.522272,126.974345,'1+1=69 ?','x','힌트지롱','ox');
INSERT INTO `questions` VALUES (79,3,'0430','이촌','4','430',37.522272,126.974345,'1+1=70 ?','x','힌트지롱','ox');
INSERT INTO `questions` VALUES (80,3,'2631','이태원','6','630',37.534488,126.994302,'1+1=71 ?','x','힌트지롱','ox');
INSERT INTO `questions` VALUES (81,3,'2632','한강진','6','631',37.539631,127.001725,'1+1=72 ?','x','힌트지롱','ox');
INSERT INTO `questions` VALUES (82,3,'1010','한남','K','K113',37.52943,127.009169,'1+1=73 ?','x','힌트지롱','ox');
INSERT INTO `questions` VALUES (83,3,'1261','효창공원앞','K','K826',37.539261,126.961351,'1+1=74 ?','x','힌트지롱','ox');
INSERT INTO `questions` VALUES (84,3,'2628','효창공원앞','6','627',37.539261,126.961351,'1+1=75 ?','x','힌트지롱','ox');
INSERT INTO `questions` VALUES (85,4,'1214','국수','K','K132',37.516169,127.399367,'1+1=76 ?','x','힌트지롱','ox');
INSERT INTO `questions` VALUES (86,4,'1709','군포','1','P150',37.35356,126.948462,'1+1=77 ?','x','힌트지롱','ox');
INSERT INTO `questions` VALUES (87,4,'2760','굴포천','7','758',37.506997,126.73128,'1+1=78 ?','x','힌트지롱','ox');
INSERT INTO `questions` VALUES (88,4,'1279','금릉','K','K330',37.751322,126.765347,'1+1=79 ?','x','힌트지롱','ox');
INSERT INTO `questions` VALUES (89,4,'1708','금정','1','P149',37.372221,126.943429,'1+1=80 ?','x','힌트지롱','ox');
INSERT INTO `questions` VALUES (90,4,'1458','금정','4','443',37.372221,126.943429,'1+1=81 ?','x','힌트지롱','ox');
INSERT INTO `questions` VALUES (91,4,'1280','금촌','K','K331',37.766217,126.774644,'1+1=82 ?','x','힌트지롱','ox');
INSERT INTO `questions` VALUES (92,4,'0324','금호','3','334',37.548034,127.015872,'1+1=83 ?','x','힌트지롱','ox');
INSERT INTO `questions` VALUES (93,4,'4501','기흥','E','Y110',37.275619,127.115936,'1+1=84 ?','x','힌트지롱','ox');
INSERT INTO `questions` VALUES (94,4,'1865','기흥','B','K237',37.275619,127.115936,'1+1=85 ?','x','힌트지롱','ox');
INSERT INTO `questions` VALUES (95,4,'4511','김량장','E','Y119',37.237247,127.198781,'1+1=86 ?','x','힌트지롱','ox');
INSERT INTO `questions` VALUES (96,4,'2753','까치울','7','751',37.506207,126.810939,'1+1=87 ?','x','힌트지롱','ox');
INSERT INTO `questions` VALUES (97,4,'3225','남동구청','I2','I225',37.448161,126.736939,'1+1=88 ?','x','힌트지롱','ox');
INSERT INTO `questions` VALUES (98,4,'2543','답십리','5','542',37.566747,127.052704,'1+1=89 ?','x','힌트지롱','ox');
INSERT INTO `questions` VALUES (99,4,'0210','뚝섬','2','210',37.547184,127.047367,'1+1=90 ?','x','힌트지롱','ox');
INSERT INTO `questions` VALUES (100,4,'0207','상왕십리','2','207',37.564354,127.029354,'1+1=91 ?','x','힌트지롱','ox');
INSERT INTO `questions` VALUES (101,4,'0211','성수','2','211',37.544581,127.055961,'1+1=92 ?','x','힌트지롱','ox');
INSERT INTO `questions` VALUES (102,4,'2539','신금호','5','538',37.554548,127.020331,'1+1=93 ?','x','힌트지롱','ox');
INSERT INTO `questions` VALUES (103,4,'0245','신답','2','211-2',37.57004,127.046481,'1+1=94 ?','x','힌트지롱','ox');
INSERT INTO `questions` VALUES (104,4,'1011','옥수','K','K114',37.540685,127.017965,'1+1=95 ?','x','힌트지롱','ox');
INSERT INTO `questions` VALUES (105,4,'0208','왕십리','2','208',37.561533,127.037732,'1+1=96 ?','x','힌트지롱','ox');
INSERT INTO `questions` VALUES (106,4,'1845','왕십리','B','K210',37.561533,127.037732,'1+1=97 ?','x','힌트지롱','ox');
INSERT INTO `questions` VALUES (107,4,'0244','용답','2','211-1',37.561904,127.050899,'1+1=98 ?','x','힌트지롱','ox');
INSERT INTO `questions` VALUES (108,4,'1012','응봉','K','K115',37.549946,127.034538,'1+1=99 ?','x','힌트지롱','ox');
INSERT INTO `questions` VALUES (109,4,'0209','한양대','2','209',37.555273,127.043655,'1+1=100 ?','x','힌트지롱','ox');
INSERT INTO `questions` VALUES (110,4,'2540','행당','5','539',37.557322,127.029476,'1+1=101 ?','x','힌트지롱','ox');
INSERT INTO `questions` VALUES (111,5,'0214','강변','2','214',37.535095,127.094681,'1+1=102 ?','x','힌트지롱','ox');
INSERT INTO `questions` VALUES (112,5,'2729','건대입구','7','727',37.540693,127.07023,'1+1=103 ?','x','힌트지롱','ox');
INSERT INTO `questions` VALUES (113,5,'0212','건대입구','2','212',37.540693,127.07023,'1+1=104 ?','x','힌트지롱','ox');
INSERT INTO `questions` VALUES (114,5,'2547','광나루','5','546',37.545303,127.10357,'1+1=105 ?','x','힌트지롱','ox');
INSERT INTO `questions` VALUES (115,5,'0213','구의','2','213',37.537077,127.085916,'1+1=106 ?','x','힌트지롱','ox');
INSERT INTO `questions` VALUES (116,5,'2727','군자','7','725',37.557121,127.079542,'1+1=107 ?','x','힌트지롱','ox');
INSERT INTO `questions` VALUES (117,5,'2545','군자','5','544',37.557121,127.079542,'1+1=108 ?','x','힌트지롱','ox');
INSERT INTO `questions` VALUES (118,5,'1002','남영','1','134',37.541021,126.9713,'1+1=109 ?','x','힌트지롱','ox');
INSERT INTO `questions` VALUES (119,5,'2823','남한산성입구','8','822',37.451535,127.159816,'1+1=110 ?','x','힌트지롱','ox');
INSERT INTO `questions` VALUES (120,5,'1908','녹양','1','108',37.75938,127.042292,'1+1=111 ?','x','힌트지롱','ox');
INSERT INTO `questions` VALUES (121,5,'1271','능곡','K','K321',37.618808,126.820783,'1+1=112 ?','x','힌트지롱','ox');
INSERT INTO `questions` VALUES (122,5,'2824','단대오거리','8','823',37.44521,127.156866,'1+1=113 ?','x','힌트지롱','ox');
INSERT INTO `questions` VALUES (123,5,'4113','당산','9','913',37.53438,126.902281,'1+1=114 ?','x','힌트지롱','ox');
INSERT INTO `questions` VALUES (124,5,'0237','당산','2','237',37.53438,126.902281,'1+1=115 ?','x','힌트지롱','ox');
INSERT INTO `questions` VALUES (125,5,'1729','당정','1','P151',37.344285,126.948345,'1+1=116 ?','x','힌트지롱','ox');
INSERT INTO `questions` VALUES (126,5,'1953','대곡','3','315',37.631626,126.811024,'1+1=117 ?','x','힌트지롱','ox');
INSERT INTO `questions` VALUES (127,5,'1249','대곡','K','K322',37.631626,126.811024,'1+1=118 ?','x','힌트지롱','ox');
INSERT INTO `questions` VALUES (128,5,'1452','대공원','4','437',37.435675,127.006523,'1+1=119 ?','x','힌트지롱','ox');
INSERT INTO `questions` VALUES (129,5,'2730','뚝섬유원지','7','728',37.53154,127.066704,'1+1=120 ?','x','힌트지롱','ox');
INSERT INTO `questions` VALUES (130,5,'2546','아차산','5','545',37.551691,127.089761,'1+1=121 ?','x','힌트지롱','ox');
INSERT INTO `questions` VALUES (131,5,'2728','어린이대공원','7','726',37.548014,127.074658,'1+1=122 ?','x','힌트지롱','ox');
INSERT INTO `questions` VALUES (132,5,'2726','중곡','7','724',37.565923,127.08432,'1+1=123 ?','x','힌트지롱','ox');
INSERT INTO `questions` VALUES (133,6,'1752','대야미','4','446',37.328467,126.917332,'1+1=124 ?','x','힌트지롱','ox');
INSERT INTO `questions` VALUES (134,6,'1958','대화','3','310',37.676087,126.747569,'1+1=125 ?','x','힌트지롱','ox');
INSERT INTO `questions` VALUES (135,6,'1910','덕계','1','106',37.818486,127.056486,'1+1=126 ?','x','힌트지롱','ox');
INSERT INTO `questions` VALUES (136,6,'1208','덕소','K','K126',37.586781,127.208832,'1+1=127 ?','x','힌트지롱','ox');
INSERT INTO `questions` VALUES (137,6,'1911','덕정','1','105',37.843188,127.061277,'1+1=128 ?','x','힌트지롱','ox');
INSERT INTO `questions` VALUES (138,6,'1206','도농','K','K124',37.608806,127.161153,'1+1=129 ?','x','힌트지롱','ox');
INSERT INTO `questions` VALUES (139,6,'1209','도심','K','K127',37.579622,127.222672,'1+1=130 ?','x','힌트지롱','ox');
INSERT INTO `questions` VALUES (140,6,'1817','도원','1','159',37.468446,126.642706,'1+1=131 ?','x','힌트지롱','ox');
INSERT INTO `questions` VALUES (141,6,'1823','도화','1','157',37.46607,126.668672,'1+1=132 ?','x','힌트지롱','ox');
INSERT INTO `questions` VALUES (142,6,'3206','독정','I2','I206',37.585212,126.675844,'1+1=133 ?','x','힌트지롱','ox');
INSERT INTO `questions` VALUES (143,6,'0155','동대문','1','128',37.57142,127.009745,'1+1=134 ?','x','힌트지롱','ox');
INSERT INTO `questions` VALUES (144,6,'0421','동대문','4','421',37.57142,127.009745,'1+1=135 ?','x','힌트지롱','ox');
INSERT INTO `questions` VALUES (145,6,'0246','신설동','2','211-4',37.575297,127.025087,'1+1=136 ?','x','힌트지롱','ox');
INSERT INTO `questions` VALUES (146,6,'0156','신설동','1','126',37.575297,127.025087,'1+1=137 ?','x','힌트지롱','ox');
INSERT INTO `questions` VALUES (147,6,'1017','신이문','1','121',37.601854,127.067325,'1+1=138 ?','x','힌트지롱','ox');
INSERT INTO `questions` VALUES (148,6,'1016','외대앞','1','122',37.596073,127.063549,'1+1=139 ?','x','힌트지롱','ox');
INSERT INTO `questions` VALUES (149,6,'0250','용두','2','211-3',37.574028,127.038091,'1+1=140 ?','x','힌트지롱','ox');
INSERT INTO `questions` VALUES (150,6,'2544','장한평','5','543',37.56144,127.064623,'1+1=141 ?','x','힌트지롱','ox');
INSERT INTO `questions` VALUES (151,6,'0157','제기동','1','125',37.578103,127.034893,'1+1=142 ?','x','힌트지롱','ox');
INSERT INTO `questions` VALUES (152,6,'1014','청량리','K','K117',37.580178,127.046835,'1+1=143 ?','x','힌트지롱','ox');
INSERT INTO `questions` VALUES (153,6,'0158','청량리','1','124',37.580178,127.046835,'1+1=144 ?','x','힌트지롱','ox');
INSERT INTO `questions` VALUES (154,6,'1015','회기','1','123',37.58946,127.057583,'1+1=145 ?','x','힌트지롱','ox');
INSERT INTO `questions` VALUES (155,6,'1200','회기','K','K118',37.58946,127.057583,'1+1=146 ?','x','힌트지롱','ox');
INSERT INTO `questions` VALUES (156,7,'1915','동두천','1','101',37.927878,127.05479,'1+1=147 ?','x','힌트지롱','ox');
INSERT INTO `questions` VALUES (157,7,'1913','동두천중앙','1','103',37.901885,127.056482,'1+1=148 ?','x','힌트지롱','ox');
INSERT INTO `questions` VALUES (158,7,'4505','동백','E','Y114',37.269043,127.152716,'1+1=149 ?','x','힌트지롱','ox');
INSERT INTO `questions` VALUES (159,7,'1808','동암','1','154',37.471408,126.702896,'1+1=150 ?','x','힌트지롱','ox');
INSERT INTO `questions` VALUES (160,7,'4608','동오','U','U118',37.745271,127.056947,'1+1=151 ?','x','힌트지롱','ox');
INSERT INTO `questions` VALUES (161,7,'1811','동인천','1','160',37.475276,126.632802,'1+1=152 ?','x','힌트지롱','ox');
INSERT INTO `questions` VALUES (162,7,'4314','동천','S','D14',37.337928,127.102976,'1+1=153 ?','x','힌트지롱','ox');
INSERT INTO `questions` VALUES (163,7,'1727','두정','1','P168',36.833705,127.14896,'1+1=154 ?','x','힌트지롱','ox');
INSERT INTO `questions` VALUES (164,7,'4515','둔전','E','Y125',37.267051,127.21364,'1+1=155 ?','x','힌트지롱','ox');
INSERT INTO `questions` VALUES (165,7,'4105','마곡나루','9','905',37.567336,126.829497,'1+1=156 ?','x','힌트지롱','ox');
INSERT INTO `questions` VALUES (166,7,'1955','마두','3','313',37.652206,126.77762,'1+1=157 ?','x','힌트지롱','ox');
INSERT INTO `questions` VALUES (167,7,'2542','마장','5','541',37.5661,127.042973,'1+1=158 ?','x','힌트지롱','ox');
INSERT INTO `questions` VALUES (168,7,'1203','망우','K','K121',37.59955,127.091909,'1+1=159 ?','x','힌트지롱','ox');
INSERT INTO `questions` VALUES (169,7,'2720','먹골','7','718',37.610637,127.077725,'1+1=160 ?','x','힌트지롱','ox');
INSERT INTO `questions` VALUES (170,7,'2723','면목','7','721',37.588579,127.087503,'1+1=161 ?','x','힌트지롱','ox');
INSERT INTO `questions` VALUES (171,7,'2648','봉화산','6','647',37.617283,127.091401,'1+1=162 ?','x','힌트지롱','ox');
INSERT INTO `questions` VALUES (172,7,'2724','사가정','7','722',37.580894,127.088478,'1+1=163 ?','x','힌트지롱','ox');
INSERT INTO `questions` VALUES (173,7,'2722','상봉','7','720',37.596362,127.085032,'1+1=164 ?','x','힌트지롱','ox');
INSERT INTO `questions` VALUES (174,7,'1202','상봉','K','K120',37.596362,127.085032,'1+1=165 ?','x','힌트지롱','ox');
INSERT INTO `questions` VALUES (175,7,'2725','용마산','7','723',37.573647,127.086727,'1+1=166 ?','x','힌트지롱','ox');
INSERT INTO `questions` VALUES (176,7,'1201','중랑','K','K119',37.594917,127.076116,'1+1=167 ?','x','힌트지롱','ox');
INSERT INTO `questions` VALUES (177,7,'2721','중화','7','719',37.602545,127.079264,'1+1=168 ?','x','힌트지롱','ox');
INSERT INTO `questions` VALUES (178,8,'2641','고려대','6','640',37.590508,127.036296,'1+1=169 ?','x','힌트지롱','ox');
INSERT INTO `questions` VALUES (179,8,'0417','길음','4','417',37.603407,127.025053,'1+1=170 ?','x','힌트지롱','ox');
INSERT INTO `questions` VALUES (180,8,'2644','돌곶이','6','643',37.610537,127.056431,'1+1=171 ?','x','힌트지롱','ox');
INSERT INTO `questions` VALUES (181,8,'3204','마전','I2','I204',37.597566,126.666998,'1+1=172 ?','x','힌트지롱','ox');
INSERT INTO `questions` VALUES (182,8,'3224','만수','I2','I224',37.454911,126.732094,'1+1=173 ?','x','힌트지롱','ox');
INSERT INTO `questions` VALUES (183,8,'1904','망월사','1','112',37.709914,127.047455,'1+1=174 ?','x','힌트지롱','ox');
INSERT INTO `questions` VALUES (184,8,'1869','망포','B','K241',37.245795,127.057353,'1+1=175 ?','x','힌트지롱','ox');
INSERT INTO `questions` VALUES (185,8,'1872','매교','B','K244',37.265481,127.015678,'1+1=176 ?','x','힌트지롱','ox');
INSERT INTO `questions` VALUES (186,8,'1870','매탄권선','B','K242',37.252759,127.040566,'1+1=177 ?','x','힌트지롱','ox');
INSERT INTO `questions` VALUES (187,8,'4510','명지대','E','Y118',37.237964,127.190294,'1+1=178 ?','x','힌트지롱','ox');
INSERT INTO `questions` VALUES (188,8,'1707','명학','1','P148',37.384653,126.935433,'1+1=179 ?','x','힌트지롱','ox');
INSERT INTO `questions` VALUES (189,8,'1853','모란','B','K225',37.43213,127.129087,'1+1=180 ?','x','힌트지롱','ox');
INSERT INTO `questions` VALUES (190,8,'2827','모란','8','826',37.43213,127.129087,'1+1=181 ?','x','힌트지롱','ox');
INSERT INTO `questions` VALUES (191,8,'3223','모래내시장','I2','I223',37.45583,126.719298,'1+1=182 ?','x','힌트지롱','ox');
INSERT INTO `questions` VALUES (192,8,'1284','문산','K','K335',37.854619,126.788047,'1+1=183 ?','x','힌트지롱','ox');
INSERT INTO `questions` VALUES (193,8,'1858','미금','B','K231',37.350077,127.10891,'1+1=184 ?','x','힌트지롱','ox');
INSERT INTO `questions` VALUES (194,8,'1753','반월','4','447',37.312212,126.903524,'1+1=185 ?','x','힌트지롱','ox');
INSERT INTO `questions` VALUES (195,8,'2735','반포','7','733',37.508178,127.011727,'1+1=186 ?','x','힌트지롱','ox');
INSERT INTO `questions` VALUES (196,8,'4601','발곡','U','U110',37.727048,127.052803,'1+1=187 ?','x','힌트지롱','ox');
INSERT INTO `questions` VALUES (197,8,'1405','배방','1','P174',36.777629,127.052991,'1+1=188 ?','x','힌트지롱','ox');
INSERT INTO `questions` VALUES (198,8,'1273','백마','K','K324',37.658239,126.794461,'1+1=189 ?','x','힌트지롱','ox');
INSERT INTO `questions` VALUES (199,8,'1954','백석','3','314',37.643114,126.78787,'1+1=190 ?','x','힌트지롱','ox');
INSERT INTO `questions` VALUES (200,8,'1807','백운','1','153',37.483664,126.707704,'1+1=191 ?','x','힌트지롱','ox');
INSERT INTO `questions` VALUES (201,8,'2633','버티고개','6','632',37.548013,127.007055,'1+1=192 ?','x','힌트지롱','ox');
INSERT INTO `questions` VALUES (202,8,'1457','범계','4','442',37.389793,126.950806,'1+1=193 ?','x','힌트지롱','ox');
INSERT INTO `questions` VALUES (203,8,'4603','범골','U','U112',37.728755,127.04353,'1+1=194 ?','x','힌트지롱','ox');
INSERT INTO `questions` VALUES (204,8,'1716','병점','1','P157',37.207503,127.032731,'1+1=195 ?','x','힌트지롱','ox');
INSERT INTO `questions` VALUES (205,8,'2639','보문','6','638',37.585286,127.019381,'1+1=196 ?','x','힌트지롱','ox');
INSERT INTO `questions` VALUES (206,8,'2643','상월곡','6','642',37.606377,127.048491,'1+1=197 ?','x','힌트지롱','ox');
INSERT INTO `questions` VALUES (207,8,'0418','성신여대입구','4','418',37.592624,127.016403,'1+1=198 ?','x','힌트지롱','ox');
INSERT INTO `questions` VALUES (208,8,'2640','안암','6','639',37.586272,127.029005,'1+1=199 ?','x','힌트지롱','ox');
INSERT INTO `questions` VALUES (209,8,'2642','월곡','6','641',37.601948,127.041518,'1+1=200 ?','x','힌트지롱','ox');
INSERT INTO `questions` VALUES (210,8,'0419','한성대입구','4','419',37.588458,127.006221,'1+1=201 ?','x','힌트지롱','ox');
INSERT INTO `questions` VALUES (211,9,'0415','미아','4','415',37.62667,127.025983,'1+1=202 ?','x','힌트지롱','ox');
INSERT INTO `questions` VALUES (212,9,'0416','미아사거리','4','416',37.613292,127.030053,'1+1=203 ?','x','힌트지롱','ox');
INSERT INTO `questions` VALUES (213,9,'1914','보산','1','102',37.913702,127.057277,'1+1=204 ?','x','힌트지롱','ox');
INSERT INTO `questions` VALUES (214,9,'1861','보정','B','K234',37.312752,127.108196,'1+1=205 ?','x','힌트지롱','ox');
INSERT INTO `questions` VALUES (215,9,'4514','보평','E','Y123',37.258965,127.218457,'1+1=206 ?','x','힌트지롱','ox');
INSERT INTO `questions` VALUES (216,9,'1401','봉명','1','P170',36.801215,127.135763,'1+1=207 ?','x','힌트지롱','ox');
INSERT INTO `questions` VALUES (217,9,'4129','봉은사','9','929',37.514219,127.060245,'1+1=208 ?','x','힌트지롱','ox');
INSERT INTO `questions` VALUES (218,9,'1815','부개','1','151',37.488418,126.74109,'1+1=209 ?','x','힌트지롱','ox');
INSERT INTO `questions` VALUES (219,9,'1509','부발','KK','K418',37.260192,127.490277,'1+1=210 ?','x','힌트지롱','ox');
INSERT INTO `questions` VALUES (220,9,'1804','부천','1','148',37.48405,126.782686,'1+1=211 ?','x','힌트지롱','ox');
INSERT INTO `questions` VALUES (221,9,'2757','부천시청','7','755',37.504631,126.763538,'1+1=212 ?','x','힌트지롱','ox');
INSERT INTO `questions` VALUES (222,9,'2754','부천종합운동장','7','752',37.50538,126.797337,'1+1=213 ?','x','힌트지롱','ox');
INSERT INTO `questions` VALUES (223,9,'1806','부평','1','152',37.489493,126.724805,'1+1=214 ?','x','힌트지롱','ox');
INSERT INTO `questions` VALUES (224,9,'2761','부평구청','7','759',37.508336,126.720548,'1+1=215 ?','x','힌트지롱','ox');
INSERT INTO `questions` VALUES (225,9,'0312','불광','3','322',37.610469,126.929887,'1+1=216 ?','x','힌트지롱','ox');
INSERT INTO `questions` VALUES (226,9,'1751','산본','4','444',37.358101,126.933274,'1+1=217 ?','x','힌트지롱','ox');
INSERT INTO `questions` VALUES (227,9,'2822','산성','8','821',37.457122,127.149908,'1+1=218 ?','x','힌트지롱','ox');
INSERT INTO `questions` VALUES (228,9,'4508','삼가','E','Y116',37.242115,127.168075,'1+1=219 ?','x','힌트지롱','ox');
INSERT INTO `questions` VALUES (229,9,'1503','삼동','KK','K412',37.409522,127.20336,'1+1=220 ?','x','힌트지롱','ox');
INSERT INTO `questions` VALUES (230,9,'2759','삼산체육관','7','757',37.506411,126.742153,'1+1=221 ?','x','힌트지롱','ox');
INSERT INTO `questions` VALUES (231,9,'4128','삼성중앙','9','928',37.513011,127.053282,'1+1=222 ?','x','힌트지롱','ox');
INSERT INTO `questions` VALUES (232,9,'1950','삼송','3','318',37.653083,126.895558,'1+1=223 ?','x','힌트지롱','ox');
INSERT INTO `questions` VALUES (233,9,'1866','상갈','B','K238',37.26181,127.108847,'1+1=224 ?','x','힌트지롱','ox');
INSERT INTO `questions` VALUES (234,9,'2758','상동','7','756',37.505781,126.753083,'1+1=225 ?','x','힌트지롱','ox');
INSERT INTO `questions` VALUES (235,9,'1754','상록수','4','448',37.302795,126.866489,'1+1=226 ?','x','힌트지롱','ox');
INSERT INTO `questions` VALUES (236,9,'0414','수유','4','414',37.638052,127.025732,'1+1=227 ?','x','힌트지롱','ox');
INSERT INTO `questions` VALUES (237,10,'1021','녹천','1','117',37.644799,127.051269,'1+1=228 ?','x','힌트지롱','ox');
INSERT INTO `questions` VALUES (238,10,'1902','도봉','1','114',37.679563,127.045595,'1+1=229 ?','x','힌트지롱','ox');
INSERT INTO `questions` VALUES (239,10,'1903','도봉산','1','113',37.689313,127.046222,'1+1=230 ?','x','힌트지롱','ox');
INSERT INTO `questions` VALUES (240,10,'2712','도봉산','7','710',37.689313,127.046222,'1+1=231 ?','x','힌트지롱','ox');
INSERT INTO `questions` VALUES (241,10,'1901','방학','1','115',37.667503,127.044273,'1+1=232 ?','x','힌트지롱','ox');
INSERT INTO `questions` VALUES (242,10,'4317','상현','S','D17',37.297664,127.069342,'1+1=233 ?','x','힌트지롱','ox');
INSERT INTO `questions` VALUES (243,10,'4609','새말','U','U119',37.748885,127.06362,'1+1=234 ?','x','힌트지롱','ox');
INSERT INTO `questions` VALUES (244,10,'1263','서강대','K','K313',37.551881,126.935711,'1+1=235 ?','x','힌트지롱','ox');
INSERT INTO `questions` VALUES (245,10,'3210','서구청','I2','I210',37.543742,126.676787,'1+1=236 ?','x','힌트지롱','ox');
INSERT INTO `questions` VALUES (246,10,'1749','서동탄','1','P157-1',37.195504,127.051672,'1+1=237 ?','x','힌트지롱','ox');
INSERT INTO `questions` VALUES (247,10,'3214','서부여성회관','I2','I214',37.506193,126.676203,'1+1=238 ?','x','힌트지롱','ox');
INSERT INTO `questions` VALUES (248,10,'1847','서울숲','B','K211',37.543617,127.044707,'1+1=239 ?','x','힌트지롱','ox');
INSERT INTO `questions` VALUES (249,10,'1722','서정리','1','P163',37.056496,127.052819,'1+1=240 ?','x','힌트지롱','ox');
INSERT INTO `questions` VALUES (250,10,'1855','서현','B','K228',37.385126,127.123592,'1+1=241 ?','x','힌트지롱','ox');
INSERT INTO `questions` VALUES (251,10,'3213','석남','I2','I213',37.506193,126.676203,'1+1=242 ?','x','힌트지롱','ox');
INSERT INTO `questions` VALUES (252,10,'0413','쌍문','4','413',37.648627,127.034709,'1+1=243 ?','x','힌트지롱','ox');
INSERT INTO `questions` VALUES (253,10,'0412','창동','4','412',37.653166,127.047731,'1+1=244 ?','x','힌트지롱','ox');
INSERT INTO `questions` VALUES (254,10,'1022','창동','1','116',37.653166,127.047731,'1+1=245 ?','x','힌트지롱','ox');
INSERT INTO `questions` VALUES (255,11,'2718','공릉','7','716',37.625742,127.072896,'1+1=246 ?','x','힌트지롱','ox');
INSERT INTO `questions` VALUES (256,11,'1019','광운대','1','119',37.623632,127.061835,'1+1=247 ?','x','힌트지롱','ox');
INSERT INTO `questions` VALUES (257,11,'2715','노원','7','713',37.655128,127.061368,'1+1=248 ?','x','힌트지롱','ox');
INSERT INTO `questions` VALUES (258,11,'0411','노원','4','411',37.655128,127.061368,'1+1=249 ?','x','힌트지롱','ox');
INSERT INTO `questions` VALUES (259,11,'0409','당고개','4','409',37.670272,127.079066,'1+1=250 ?','x','힌트지롱','ox');
INSERT INTO `questions` VALUES (260,11,'2714','마들','7','712',37.66494,127.057675,'1+1=251 ?','x','힌트지롱','ox');
INSERT INTO `questions` VALUES (261,11,'0410','상계','4','410',37.660878,127.073572,'1+1=252 ?','x','힌트지롱','ox');
INSERT INTO `questions` VALUES (262,11,'2645','석계','6','644',37.614805,127.065851,'1+1=253 ?','x','힌트지롱','ox');
INSERT INTO `questions` VALUES (263,11,'1018','석계','1','120',37.614805,127.065851,'1+1=254 ?','x','힌트지롱','ox');
INSERT INTO `questions` VALUES (264,11,'3220','석바위시장','I2','I220',37.457611,126.692575,'1+1=255 ?','x','힌트지롱','ox');
INSERT INTO `questions` VALUES (265,11,'3222','석천사거리','I2','I222',37.456805,126.709986,'1+1=256 ?','x','힌트지롱','ox');
INSERT INTO `questions` VALUES (266,11,'1450','선바위','4','435',37.451673,127.002303,'1+1=257 ?','x','힌트지롱','ox');
INSERT INTO `questions` VALUES (267,11,'4112','선유도','9','912',37.53802,126.893525,'1+1=258 ?','x','힌트지롱','ox');
INSERT INTO `questions` VALUES (268,11,'4127','선정릉','9','927',37.51098,127.043593,'1+1=259 ?','x','힌트지롱','ox');
INSERT INTO `questions` VALUES (269,11,'1850','선정릉','B','K214',37.51098,127.043593,'1+1=260 ?','x','힌트지롱','ox');
INSERT INTO `questions` VALUES (270,11,'1711','성균관대','1','P153',37.300349,126.97075,'1+1=261 ?','x','힌트지롱','ox');
INSERT INTO `questions` VALUES (271,11,'4316','성복','S','D16',37.313335,127.0801,'1+1=262 ?','x','힌트지롱','ox');
INSERT INTO `questions` VALUES (272,11,'1725','성환','1','P166',36.916076,127.126964,'1+1=263 ?','x','힌트지롱','ox');
INSERT INTO `questions` VALUES (273,11,'1715','세류','1','P156',37.245025,127.013222,'1+1=264 ?','x','힌트지롱','ox');
INSERT INTO `questions` VALUES (274,11,'1717','세마','1','P158',37.187533,127.04318,'1+1=265 ?','x','힌트지롱','ox');
INSERT INTO `questions` VALUES (275,11,'1510','세종대왕릉','KK','K419',37.295309,127.570938,'1+1=266 ?','x','힌트지롱','ox');
INSERT INTO `questions` VALUES (276,11,'1814','소사','1','147',37.482753,126.79544,'1+1=267 ?','x','힌트지롱','ox');
INSERT INTO `questions` VALUES (277,11,'1916','소요산','1','100',37.9481,127.061034,'1+1=268 ?','x','힌트지롱','ox');
INSERT INTO `questions` VALUES (278,11,'1805','송내','1','150',37.4876,126.753664,'1+1=269 ?','x','힌트지롱','ox');
INSERT INTO `questions` VALUES (279,11,'4614','송산','U','U124',37.737279,127.087159,'1+1=270 ?','x','힌트지롱','ox');
INSERT INTO `questions` VALUES (280,11,'1721','송탄','1','P162',37.075696,127.054301,'1+1=271 ?','x','힌트지롱','ox');
INSERT INTO `questions` VALUES (281,11,'1856','수내','B','K229',37.378455,127.114322,'1+1=272 ?','x','힌트지롱','ox');
INSERT INTO `questions` VALUES (282,11,'2713','수락산','7','711',37.67785,127.055315,'1+1=273 ?','x','힌트지롱','ox');
INSERT INTO `questions` VALUES (283,11,'1763','수리산','4','445',37.349801,126.925365,'1+1=274 ?','x','힌트지롱','ox');
INSERT INTO `questions` VALUES (284,11,'1020','월계','1','118',37.633212,127.058831,'1+1=275 ?','x','힌트지롱','ox');
INSERT INTO `questions` VALUES (285,11,'2716','중계','7','714',37.644583,127.064303,'1+1=276 ?','x','힌트지롱','ox');
INSERT INTO `questions` VALUES (286,11,'2719','태릉입구','7','717',37.617983,127.07512,'1+1=277 ?','x','힌트지롱','ox');
INSERT INTO `questions` VALUES (287,11,'2646','태릉입구','6','645',37.617983,127.07512,'1+1=278 ?','x','힌트지롱','ox');
INSERT INTO `questions` VALUES (288,11,'2717','하계','7','715',37.636352,127.06799,'1+1=279 ?','x','힌트지롱','ox');
INSERT INTO `questions` VALUES (289,12,'2616','구산','6','615',37.611377,126.91727,'1+1=280 ?','x','힌트지롱','ox');
INSERT INTO `questions` VALUES (290,12,'0310','구파발','3','320',37.636763,126.918821,'1+1=281 ?','x','힌트지롱','ox');
INSERT INTO `questions` VALUES (291,12,'0313','녹번','3','323',37.600927,126.935756,'1+1=282 ?','x','힌트지롱','ox');
INSERT INTO `questions` VALUES (292,12,'2614','독바위','6','613',37.618456,126.933031,'1+1=283 ?','x','힌트지롱','ox');
INSERT INTO `questions` VALUES (293,12,'1294','디지털미디어시티','A','A04',37.576646,126.900984,'1+1=284 ?','x','힌트지롱','ox');
INSERT INTO `questions` VALUES (294,12,'2619','디지털미디어시티','6','618',37.576646,126.900984,'1+1=285 ?','x','힌트지롱','ox');
INSERT INTO `questions` VALUES (295,12,'1266','디지털미디어시티','K','K316',37.576646,126.900984,'1+1=286 ?','x','힌트지롱','ox');
INSERT INTO `questions` VALUES (296,12,'2613','불광','6','612',37.610469,126.929887,'1+1=287 ?','x','힌트지롱','ox');
INSERT INTO `questions` VALUES (297,12,'2617','새절','6','616',37.591148,126.913629,'1+1=288 ?','x','힌트지롱','ox');
INSERT INTO `questions` VALUES (298,12,'1267','수색','K','K317',37.580842,126.895611,'1+1=289 ?','x','힌트지롱','ox');
INSERT INTO `questions` VALUES (299,12,'0339','수서','3','349',37.487371,127.10188,'1+1=290 ?','x','힌트지롱','ox');
INSERT INTO `questions` VALUES (300,12,'1713','수원','1','P155',37.265974,126.999874,'1+1=291 ?','x','힌트지롱','ox');
INSERT INTO `questions` VALUES (301,12,'1846','수원','B','K245',37.265974,126.999874,'1+1=292 ?','x','힌트지롱','ox');
INSERT INTO `questions` VALUES (302,12,'1871','수원시청','B','K243',37.261911,127.030736,'1+1=293 ?','x','힌트지롱','ox');
INSERT INTO `questions` VALUES (303,12,'4315','수지구청','S','D15',37.322702,127.095026,'1+1=294 ?','x','힌트지롱','ox');
INSERT INTO `questions` VALUES (304,12,'2826','수진','8','825',37.437428,127.140722,'1+1=295 ?','x','힌트지롱','ox');
INSERT INTO `questions` VALUES (305,12,'3219','시민공원','I2','I219',37.458335,126.681192,'1+1=296 ?','x','힌트지롱','ox');
INSERT INTO `questions` VALUES (306,12,'4509','시청·용인대','E','Y117',37.239151,127.178406,'1+1=297 ?','x','힌트지롱','ox');
INSERT INTO `questions` VALUES (307,12,'1864','신갈','B','K236',37.286102,127.111313,'1+1=298 ?','x','힌트지롱','ox');
INSERT INTO `questions` VALUES (308,12,'2526','신길','5','525',37.517122,126.917169,'1+1=299 ?','x','힌트지롱','ox');
INSERT INTO `questions` VALUES (309,12,'1760','신길온천','4','454',37.338212,126.765844,'1+1=300 ?','x','힌트지롱','ox');
INSERT INTO `questions` VALUES (310,12,'1507','신둔도예촌','KK','K416',37.317185,127.40476,'1+1=301 ?','x','힌트지롱','ox');
INSERT INTO `questions` VALUES (311,12,'1213','신원','K','K131',37.525545,127.372921,'1+1=302 ?','x','힌트지롱','ox');
INSERT INTO `questions` VALUES (312,12,'2756','신중동','7','754',37.503048,126.77596,'1+1=303 ?','x','힌트지롱','ox');
INSERT INTO `questions` VALUES (313,12,'1408','신창','1','P177',36.769502,126.951108,'1+1=304 ?','x','힌트지롱','ox');
INSERT INTO `questions` VALUES (314,12,'0240','신촌','2','240',37.555134,126.936893,'1+1=305 ?','x','힌트지롱','ox');
INSERT INTO `questions` VALUES (315,12,'1252','신촌(경의중앙선)','K','P312',37.559783,126.942319,'1+1=306 ?','x','힌트지롱','ox');
INSERT INTO `questions` VALUES (316,12,'2825','신흥','8','824',37.440918,127.147564,'1+1=307 ?','x','힌트지롱','ox');
INSERT INTO `questions` VALUES (317,12,'1402','쌍용(나사렛대)','1','P171',36.793759,127.1214,'1+1=308 ?','x','힌트지롱','ox');
INSERT INTO `questions` VALUES (318,12,'1403','아산','1','P172',36.792053,127.104361,'1+1=309 ?','x','힌트지롱','ox');
INSERT INTO `questions` VALUES (319,12,'3209','아시아드경기장','I2','I209',37.5517,126.677122,'1+1=310 ?','x','힌트지롱','ox');
INSERT INTO `questions` VALUES (320,12,'1215','아신','K','K133',37.51382,127.443173,'1+1=311 ?','x','힌트지롱','ox');
INSERT INTO `questions` VALUES (321,12,'1759','안산','4','453',37.327082,126.788532,'1+1=312 ?','x','힌트지롱','ox');
INSERT INTO `questions` VALUES (322,12,'1706','안양','1','P147',37.401592,126.922874,'1+1=313 ?','x','힌트지롱','ox');
INSERT INTO `questions` VALUES (323,12,'1848','압구정로데오','B','K212',37.527381,127.040534,'1+1=314 ?','x','힌트지롱','ox');
INSERT INTO `questions` VALUES (324,12,'1277','야당','K','K328',37.712327,126.761356,'1+1=315 ?','x','힌트지롱','ox');
INSERT INTO `questions` VALUES (325,12,'1854','야탑','B','K226',37.411185,127.128715,'1+1=316 ?','x','힌트지롱','ox');
INSERT INTO `questions` VALUES (326,12,'1212','양수','K','K130',37.545981,127.329098,'1+1=317 ?','x','힌트지롱','ox');
INSERT INTO `questions` VALUES (327,12,'1204','양원','K','K122',37.606596,127.107906,'1+1=318 ?','x','힌트지롱','ox');
INSERT INTO `questions` VALUES (328,12,'0332','양재','3','342',37.484147,127.034631,'1+1=319 ?','x','힌트지롱','ox');
INSERT INTO `questions` VALUES (329,12,'1207','양정','K','K125',37.60533,127.19364,'1+1=320 ?','x','힌트지롱','ox');
INSERT INTO `questions` VALUES (330,12,'1909','양주','1','107',37.774381,127.044708,'1+1=321 ?','x','힌트지롱','ox');
INSERT INTO `questions` VALUES (331,12,'0248','양천구청','2','234-2',37.512398,126.865819,'1+1=322 ?','x','힌트지롱','ox');
INSERT INTO `questions` VALUES (332,12,'2523','양평','5','522',37.525648,126.885778,'1+1=323 ?','x','힌트지롱','ox');
INSERT INTO `questions` VALUES (333,12,'1217','양평(경의중앙선)','K','K135',37.492832,127.491814,'1+1=324 ?','x','힌트지롱','ox');
INSERT INTO `questions` VALUES (334,12,'4613','어룡','U','U123',37.742802,127.085035,'1+1=325 ?','x','힌트지롱','ox');
INSERT INTO `questions` VALUES (335,12,'4504','어정','E','Y113',37.274917,127.143714,'1+1=326 ?','x','힌트지롱','ox');
INSERT INTO `questions` VALUES (336,12,'4126','언주','9','926',37.507287,127.033868,'1+1=327 ?','x','힌트지롱','ox');
INSERT INTO `questions` VALUES (337,12,'1803','역곡','1','146',37.485178,126.811502,'1+1=328 ?','x','힌트지롱','ox');
INSERT INTO `questions` VALUES (338,12,'2612','역촌','6','611',37.606021,126.922744,'1+1=329 ?','x','힌트지롱','ox');
INSERT INTO `questions` VALUES (339,12,'2615','연신내','6','614',37.619001,126.921008,'1+1=330 ?','x','힌트지롱','ox');
INSERT INTO `questions` VALUES (340,12,'0311','연신내','3','321',37.619001,126.921008,'1+1=331 ?','x','힌트지롱','ox');
INSERT INTO `questions` VALUES (341,12,'4217','영종','A','A072',37.511466,126.5237,'1+1=332 ?','x','힌트지롱','ox');
INSERT INTO `questions` VALUES (342,12,'1868','영통','B','K240',37.251568,127.071394,'1+1=333 ?','x','힌트지롱','ox');
INSERT INTO `questions` VALUES (343,12,'2558','오금','5','P552',37.502162,127.128111,'1+1=334 ?','x','힌트지롱','ox');
INSERT INTO `questions` VALUES (344,12,'0342','오금','3','352',37.502162,127.128111,'1+1=335 ?','x','힌트지롱','ox');
INSERT INTO `questions` VALUES (345,12,'1859','오리','B','K232',37.339824,127.108942,'1+1=336 ?','x','힌트지롱','ox');
INSERT INTO `questions` VALUES (346,12,'1216','오빈','K','K134',37.506062,127.473868,'1+1=337 ?','x','힌트지롱','ox');
INSERT INTO `questions` VALUES (347,12,'1719','오산','1','P160',37.145885,127.06672,'1+1=338 ?','x','힌트지롱','ox');
INSERT INTO `questions` VALUES (348,12,'1718','오산대','1','P159',37.168953,127.063197,'1+1=339 ?','x','힌트지롱','ox');
INSERT INTO `questions` VALUES (349,12,'1762','오이도','4','456',37.362357,126.738714,'1+1=340 ?','x','힌트지롱','ox');
INSERT INTO `questions` VALUES (350,12,'1407','온양온천','1','P176',36.780483,127.003249,'1+1=341 ?','x','힌트지롱','ox');
INSERT INTO `questions` VALUES (351,12,'3205','완정','I2','I205',37.592928,126.673203,'1+1=342 ?','x','힌트지롱','ox');
INSERT INTO `questions` VALUES (352,12,'3202','왕길','I2','I202',37.59518,126.642696,'1+1=343 ?','x','힌트지롱','ox');
INSERT INTO `questions` VALUES (353,12,'2541','왕십리','5','540',37.561533,127.037732,'1+1=344 ?','x','힌트지롱','ox');
INSERT INTO `questions` VALUES (354,12,'1013','왕십리','K','K116',37.561533,127.037732,'1+1=345 ?','x','힌트지롱','ox');
INSERT INTO `questions` VALUES (355,12,'1219','용문','K','K137',37.48223,127.594647,'1+1=346 ?','x','힌트지롱','ox');
INSERT INTO `questions` VALUES (356,12,'1211','운길산','K','K129',37.554669,127.310115,'1+1=347 ?','x','힌트지롱','ox');
INSERT INTO `questions` VALUES (357,12,'4512','운동장·송담대','E','Y120',37.237845,127.209198,'1+1=348 ?','x','힌트지롱','ox');
INSERT INTO `questions` VALUES (358,12,'4211','운서','A','A08',37.492904,126.49379,'1+1=349 ?','x','힌트지롱','ox');
INSERT INTO `questions` VALUES (359,12,'3227','운연','I2','I227',37.440127,126.75997,'1+1=350 ?','x','힌트지롱','ox');
INSERT INTO `questions` VALUES (360,12,'1278','운정','K','K329',37.725826,126.767257,'1+1=351 ?','x','힌트지롱','ox');
INSERT INTO `questions` VALUES (361,12,'1951','원당','3','317',37.653324,126.843041,'1+1=352 ?','x','힌트지롱','ox');
INSERT INTO `questions` VALUES (362,12,'1218','원덕','K','K136',37.468672,127.547076,'1+1=353 ?','x','힌트지롱','ox');
INSERT INTO `questions` VALUES (363,12,'1948','원흥','3','309',37.650658,126.872642,'1+1=354 ?','x','힌트지롱','ox');
INSERT INTO `questions` VALUES (364,12,'2611','응암','6','610',37.598605,126.915577,'1+1=355 ?','x','힌트지롱','ox');
INSERT INTO `questions` VALUES (365,12,'2618','증산','6','617',37.583876,126.909645,'1+1=356 ?','x','힌트지롱','ox');
INSERT INTO `questions` VALUES (366,13,'1265','가좌','K','K315',37.568491,126.915487,'1+1=357 ?','x','힌트지롱','ox');
INSERT INTO `questions` VALUES (367,13,'0316','독립문','3','326',37.574571,126.957748,'1+1=358 ?','x','힌트지롱','ox');
INSERT INTO `questions` VALUES (368,13,'0315','무악재','3','325',37.582299,126.950291,'1+1=359 ?','x','힌트지롱','ox');
INSERT INTO `questions` VALUES (369,13,'2533','서대문','5','532',37.565773,126.966641,'1+1=360 ?','x','힌트지롱','ox');
INSERT INTO `questions` VALUES (370,13,'1282','월롱','K','K333',37.796188,126.792587,'1+1=361 ?','x','힌트지롱','ox');
INSERT INTO `questions` VALUES (371,13,'1710','의왕','1','P152',37.320852,126.948217,'1+1=362 ?','x','힌트지롱','ox');
INSERT INTO `questions` VALUES (372,13,'1906','의정부','1','110',37.738415,127.045958,'1+1=363 ?','x','힌트지롱','ox');
INSERT INTO `questions` VALUES (373,13,'4605','의정부시청','U','U114',37.739256,127.034781,'1+1=364 ?','x','힌트지롱','ox');
INSERT INTO `questions` VALUES (374,13,'4607','의정부중앙','U','U117',37.743676,127.049565,'1+1=365 ?','x','힌트지롱','ox');
INSERT INTO `questions` VALUES (375,13,'0241','이대','2','241',37.556733,126.946013,'1+1=366 ?','x','힌트지롱','ox');
INSERT INTO `questions` VALUES (376,13,'1502','이매','KK','K411',37.396104,127.12827,'1+1=367 ?','x','힌트지롱','ox');
INSERT INTO `questions` VALUES (377,13,'1860','이매','B','K227',37.396104,127.12827,'1+1=368 ?','x','힌트지롱','ox');
INSERT INTO `questions` VALUES (378,13,'1508','이천','KK','K417',37.265579,127.44226,'1+1=369 ?','x','힌트지롱','ox');
INSERT INTO `questions` VALUES (379,13,'1455','인덕원','4','440',37.401553,126.976715,'1+1=370 ?','x','힌트지롱','ox');
INSERT INTO `questions` VALUES (380,13,'1812','인천','1','161',37.476691,126.616936,'1+1=371 ?','x','힌트지롱','ox');
INSERT INTO `questions` VALUES (381,13,'3215','인천가좌','I2','I215',37.4897,126.675208,'1+1=372 ?','x','힌트지롱','ox');
INSERT INTO `questions` VALUES (382,13,'2532','충정로','5','531',37.559973,126.963672,'1+1=373 ?','x','힌트지롱','ox');
INSERT INTO `questions` VALUES (383,13,'0243','충정로','2','243',37.559973,126.963672,'1+1=374 ?','x','힌트지롱','ox');
INSERT INTO `questions` VALUES (384,13,'0314','홍제','3','324',37.589066,126.943736,'1+1=375 ?','x','힌트지롱','ox');
INSERT INTO `questions` VALUES (385,14,'1292','공덕','A','A02',37.544018,126.951592,'1+1=376 ?','x','힌트지롱','ox');
INSERT INTO `questions` VALUES (386,14,'1262','공덕','K','K312',37.544018,126.951592,'1+1=377 ?','x','힌트지롱','ox');
INSERT INTO `questions` VALUES (387,14,'2627','공덕','6','626',37.544018,126.951592,'1+1=378 ?','x','힌트지롱','ox');
INSERT INTO `questions` VALUES (388,14,'2530','공덕','5','529',37.544018,126.951592,'1+1=379 ?','x','힌트지롱','ox');
INSERT INTO `questions` VALUES (389,14,'2625','광흥창','6','624',37.547456,126.931993,'1+1=380 ?','x','힌트지롱','ox');
INSERT INTO `questions` VALUES (390,14,'2626','대흥','6','625',37.547771,126.942069,'1+1=381 ?','x','힌트지롱','ox');
INSERT INTO `questions` VALUES (391,14,'2529','마포','5','528',37.539574,126.945932,'1+1=382 ?','x','힌트지롱','ox');
INSERT INTO `questions` VALUES (392,14,'2621','마포구청','6','620',37.563515,126.903343,'1+1=383 ?','x','힌트지롱','ox');
INSERT INTO `questions` VALUES (393,14,'2622','망원','6','621',37.556094,126.910052,'1+1=384 ?','x','힌트지롱','ox');
INSERT INTO `questions` VALUES (394,14,'2624','상수','6','623',37.547716,126.922852,'1+1=385 ?','x','힌트지롱','ox');
INSERT INTO `questions` VALUES (395,14,'0242','아현','2','242',37.557345,126.956141,'1+1=386 ?','x','힌트지롱','ox');
INSERT INTO `questions` VALUES (396,14,'2531','애오개','5','530',37.553736,126.95682,'1+1=387 ?','x','힌트지롱','ox');
INSERT INTO `questions` VALUES (397,14,'2620','월드컵경기장','6','619',37.569532,126.899298,'1+1=388 ?','x','힌트지롱','ox');
INSERT INTO `questions` VALUES (398,14,'4213','인천국제공항','A','A10',37.447464,126.452508,'1+1=389 ?','x','힌트지롱','ox');
INSERT INTO `questions` VALUES (399,14,'3226','인천대공원','I2','I226',37.448769,126.752618,'1+1=390 ?','x','힌트지롱','ox');
INSERT INTO `questions` VALUES (400,14,'3221','인천시청','I2','I221',37.457405,126.702221,'1+1=391 ?','x','힌트지롱','ox');
INSERT INTO `questions` VALUES (401,14,'1275','일산','K','K326',37.682077,126.769846,'1+1=392 ?','x','힌트지롱','ox');
INSERT INTO `questions` VALUES (402,14,'0328','잠원','3','338',37.512759,127.01122,'1+1=393 ?','x','힌트지롱','ox');
INSERT INTO `questions` VALUES (403,14,'2711','장암','7','709',37.700109,127.053196,'1+1=394 ?','x','힌트지롱','ox');
INSERT INTO `questions` VALUES (404,14,'4517','전대·에버랜드','E','Y126',37.285342,127.219561,'1+1=395 ?','x','힌트지롱','ox');
INSERT INTO `questions` VALUES (405,14,'1956','정발산','3','312',37.659477,126.773359,'1+1=396 ?','x','힌트지롱','ox');
INSERT INTO `questions` VALUES (406,14,'1454','정부과천청사','4','439',37.426513,126.98978,'1+1=397 ?','x','힌트지롱','ox');
INSERT INTO `questions` VALUES (407,14,'1761','정왕','4','455',37.351735,126.742989,'1+1=398 ?','x','힌트지롱','ox');
INSERT INTO `questions` VALUES (408,14,'4312','정자','S','D12',37.36706,127.108105,'1+1=399 ?','x','힌트지롱','ox');
INSERT INTO `questions` VALUES (409,14,'1857','정자','B','K230',37.36706,127.108105,'1+1=400 ?','x','힌트지롱','ox');
INSERT INTO `questions` VALUES (410,14,'1810','제물포','1','158',37.466769,126.656666,'1+1=401 ?','x','힌트지롱','ox');
INSERT INTO `questions` VALUES (411,14,'0238','합정','2','238',37.549463,126.913739,'1+1=402 ?','x','힌트지롱','ox');
INSERT INTO `questions` VALUES (412,14,'2623','합정','6','622',37.549463,126.913739,'1+1=403 ?','x','힌트지롱','ox');
INSERT INTO `questions` VALUES (413,15,'2521','목동','5','520',37.526065,126.864931,'1+1=404 ?','x','힌트지롱','ox');
INSERT INTO `questions` VALUES (414,15,'4111','신목동','9','911',37.544277,126.88308,'1+1=405 ?','x','힌트지롱','ox');
INSERT INTO `questions` VALUES (415,15,'2520','신정','5','519',37.524997,126.856191,'1+1=406 ?','x','힌트지롱','ox');
INSERT INTO `questions` VALUES (416,15,'0249','신정네거리','2','234-3',37.520074,126.852912,'1+1=407 ?','x','힌트지롱','ox');
INSERT INTO `questions` VALUES (417,15,'2522','오목교','5','521',37.524496,126.875181,'1+1=408 ?','x','힌트지롱','ox');
INSERT INTO `questions` VALUES (418,15,'3218','주안','I2','I218',37.464941,126.679923,'1+1=409 ?','x','힌트지롱','ox');
INSERT INTO `questions` VALUES (419,15,'1809','주안','1','156',37.464941,126.679923,'1+1=410 ?','x','힌트지롱','ox');
INSERT INTO `questions` VALUES (420,15,'3217','주안국가산단','I2','I217',37.473703,126.68113,'1+1=411 ?','x','힌트지롱','ox');
INSERT INTO `questions` VALUES (421,15,'1957','주엽','3','311',37.670072,126.761334,'1+1=412 ?','x','힌트지롱','ox');
INSERT INTO `questions` VALUES (422,15,'1862','죽전','B','K233',37.324753,127.107395,'1+1=413 ?','x','힌트지롱','ox');
INSERT INTO `questions` VALUES (423,15,'1822','중동','1','149',37.486562,126.764843,'1+1=414 ?','x','힌트지롱','ox');
INSERT INTO `questions` VALUES (424,15,'1756','중앙','4','450',37.315941,126.838573,'1+1=415 ?','x','힌트지롱','ox');
INSERT INTO `questions` VALUES (425,15,'4503','지석','E','Y112',37.269606,127.136515,'1+1=416 ?','x','힌트지롱','ox');
INSERT INTO `questions` VALUES (426,15,'1723','지제','1','P164',37.0188,127.070444,'1+1=417 ?','x','힌트지롱','ox');
INSERT INTO `questions` VALUES (427,15,'0309','지축','3','319',37.648048,126.913951,'1+1=418 ?','x','힌트지롱','ox');
INSERT INTO `questions` VALUES (428,15,'1912','지행','1','104',37.892334,127.055716,'1+1=419 ?','x','힌트지롱','ox');
INSERT INTO `questions` VALUES (429,15,'1726','직산','1','P167',36.870593,127.143904,'1+1=420 ?','x','힌트지롱','ox');
INSERT INTO `questions` VALUES (430,15,'1720','진위','1','P161',37.109447,127.062278,'1+1=421 ?','x','힌트지롱','ox');
INSERT INTO `questions` VALUES (431,15,'1728','천안','1','P169',36.810005,127.146826,'1+1=422 ?','x','힌트지롱','ox');
INSERT INTO `questions` VALUES (432,15,'4210','청라국제도시','A','A071',37.555878,126.625327,'1+1=423 ?','x','힌트지롱','ox');
INSERT INTO `questions` VALUES (433,15,'1867','청명','B','K239',37.259489,127.078934,'1+1=424 ?','x','힌트지롱','ox');
INSERT INTO `questions` VALUES (434,16,'4107','가양','9','907',37.561391,126.854456,'1+1=425 ?','x','힌트지롱','ox');
INSERT INTO `questions` VALUES (435,16,'4101','개화','9','901',37.578608,126.798153,'1+1=426 ?','x','힌트지롱','ox');
INSERT INTO `questions` VALUES (436,16,'2512','개화산','5','511',37.572399,126.806171,'1+1=427 ?','x','힌트지롱','ox');
INSERT INTO `questions` VALUES (437,16,'4102','김포공항','9','902',37.562434,126.801058,'1+1=428 ?','x','힌트지롱','ox');
INSERT INTO `questions` VALUES (438,16,'4207','김포공항','A','A05',37.562434,126.801058,'1+1=429 ?','x','힌트지롱','ox');
INSERT INTO `questions` VALUES (439,16,'2513','김포공항','5','512',37.562434,126.801058,'1+1=430 ?','x','힌트지롱','ox');
INSERT INTO `questions` VALUES (440,16,'2519','까치산','5','518',37.531768,126.846683,'1+1=431 ?','x','힌트지롱','ox');
INSERT INTO `questions` VALUES (441,16,'0260','까치산','2','234-4',37.531768,126.846683,'1+1=432 ?','x','힌트지롱','ox');
INSERT INTO `questions` VALUES (442,16,'4109','등촌','9','909',37.550632,126.865689,'1+1=433 ?','x','힌트지롱','ox');
INSERT INTO `questions` VALUES (443,16,'2515','마곡','5','514',37.560183,126.825448,'1+1=434 ?','x','힌트지롱','ox');
INSERT INTO `questions` VALUES (444,16,'2516','발산','5','515',37.558598,126.837668,'1+1=435 ?','x','힌트지롱','ox');
INSERT INTO `questions` VALUES (445,16,'2511','방화','5','510',37.577446,126.812741,'1+1=436 ?','x','힌트지롱','ox');
INSERT INTO `questions` VALUES (446,16,'2514','송정','5','513',37.561184,126.811973,'1+1=437 ?','x','힌트지롱','ox');
INSERT INTO `questions` VALUES (447,16,'4104','신방화','9','904',37.567532,126.816601,'1+1=438 ?','x','힌트지롱','ox');
INSERT INTO `questions` VALUES (448,16,'4106','양천향교','9','906',37.568381,126.841333,'1+1=439 ?','x','힌트지롱','ox');
INSERT INTO `questions` VALUES (449,16,'4110','염창','9','910',37.546936,126.874916,'1+1=440 ?','x','힌트지롱','ox');
INSERT INTO `questions` VALUES (450,16,'2517','우장산','5','516',37.548768,126.836318,'1+1=441 ?','x','힌트지롱','ox');
INSERT INTO `questions` VALUES (451,16,'4108','증미','9','908',37.557402,126.861939,'1+1=442 ?','x','힌트지롱','ox');
INSERT INTO `questions` VALUES (452,16,'4506','초당','E','Y115',37.260752,127.159443,'1+1=443 ?','x','힌트지롱','ox');
INSERT INTO `questions` VALUES (453,16,'1505','초월','KK','K414',37.374419,127.299,'1+1=444 ?','x','힌트지롱','ox');
INSERT INTO `questions` VALUES (454,16,'2518','화곡','5','517',37.541513,126.840461,'1+1=445 ?','x','힌트지롱','ox');
INSERT INTO `questions` VALUES (455,17,'1801','개봉','1','143',37.494594,126.85868,'1+1=446 ?','x','힌트지롱','ox');
INSERT INTO `questions` VALUES (456,17,'1701','구로','1','141',37.503039,126.881966,'1+1=447 ?','x','힌트지롱','ox');
INSERT INTO `questions` VALUES (457,17,'0232','구로디지털단지','2','232',37.485266,126.901401,'1+1=448 ?','x','힌트지롱','ox');
INSERT INTO `questions` VALUES (458,17,'1813','구일','1','142',37.496756,126.870793,'1+1=449 ?','x','힌트지롱','ox');
INSERT INTO `questions` VALUES (459,17,'2747','남구로','7','745',37.486056,126.887249,'1+1=450 ?','x','힌트지롱','ox');
INSERT INTO `questions` VALUES (460,17,'0233','대림','2','233',37.49297,126.895801,'1+1=451 ?','x','힌트지롱','ox');
INSERT INTO `questions` VALUES (461,17,'0247','도림천','2','234-1',37.514287,126.882768,'1+1=452 ?','x','힌트지롱','ox');
INSERT INTO `questions` VALUES (462,17,'0234','신도림','2','234',37.508725,126.891295,'1+1=453 ?','x','힌트지롱','ox');
INSERT INTO `questions` VALUES (463,17,'1007','신도림','1','140',37.508725,126.891295,'1+1=454 ?','x','힌트지롱','ox');
INSERT INTO `questions` VALUES (464,17,'1802','오류동','1','144',37.494526,126.845365,'1+1=455 ?','x','힌트지롱','ox');
INSERT INTO `questions` VALUES (465,17,'0325','옥수','3','335',37.540685,127.017965,'1+1=456 ?','x','힌트지롱','ox');
INSERT INTO `questions` VALUES (466,17,'2752','온수','7','750',37.492258,126.823388,'1+1=457 ?','x','힌트지롱','ox');
INSERT INTO `questions` VALUES (467,17,'1821','온수','1','145',37.492258,126.823388,'1+1=458 ?','x','힌트지롱','ox');
INSERT INTO `questions` VALUES (468,17,'2751','천왕','7','749',37.486637,126.838713,'1+1=459 ?','x','힌트지롱','ox');
INSERT INTO `questions` VALUES (469,17,'1758','초지','4','452',37.320646,126.805913,'1+1=460 ?','x','힌트지롱','ox');
INSERT INTO `questions` VALUES (470,18,'2748','가산디지털단지','7','746',37.481072,126.882343,'1+1=461 ?','x','힌트지롱','ox');
INSERT INTO `questions` VALUES (471,18,'1702','가산디지털단지','1','P142',37.481072,126.882343,'1+1=462 ?','x','힌트지롱','ox');
INSERT INTO `questions` VALUES (472,18,'1703','금천구청','1','P144',37.455626,126.89398,'1+1=463 ?','x','힌트지롱','ox');
INSERT INTO `questions` VALUES (473,18,'1714','독산','1','P143',37.466613,126.889249,'1+1=464 ?','x','힌트지롱','ox');
INSERT INTO `questions` VALUES (474,18,'1704','석수','1','P145',37.435047,126.902295,'1+1=465 ?','x','힌트지롱','ox');
INSERT INTO `questions` VALUES (475,18,'2755','춘의','7','753',37.503663,126.787036,'1+1=466 ?','x','힌트지롱','ox');
INSERT INTO `questions` VALUES (476,18,'1919.0','운학집','F','FUCK',37.456434,126.696099,'1+1=467 ?','x','힌트지롱','ox');
INSERT INTO `questions` VALUES (477,19,'4114','국회의사당','9','914',37.528105,126.917874,'1+1=468 ?','x','힌트지롱','ox');
INSERT INTO `questions` VALUES (478,19,'2746','대림','7','744',37.49297,126.895801,'1+1=469 ?','x','힌트지롱','ox');
INSERT INTO `questions` VALUES (479,19,'1005','대방','1','137',37.513342,126.926382,'1+1=470 ?','x','힌트지롱','ox');
INSERT INTO `questions` VALUES (480,19,'0235','문래','2','235',37.517933,126.89476,'1+1=471 ?','x','힌트지롱','ox');
INSERT INTO `questions` VALUES (481,19,'2744','보라매','7','742',37.499872,126.920428,'1+1=472 ?','x','힌트지롱','ox');
INSERT INTO `questions` VALUES (482,19,'4116','샛강','9','916',37.517274,126.928422,'1+1=473 ?','x','힌트지롱','ox');
INSERT INTO `questions` VALUES (483,19,'1032','신길','1','138',37.517122,126.917169,'1+1=474 ?','x','힌트지롱','ox');
INSERT INTO `questions` VALUES (484,19,'2745','신풍','7','743',37.50008,126.90993,'1+1=475 ?','x','힌트지롱','ox');
INSERT INTO `questions` VALUES (485,19,'2528','여의나루','5','527',37.527098,126.932901,'1+1=476 ?','x','힌트지롱','ox');
INSERT INTO `questions` VALUES (486,19,'2527','여의도','5','526',37.521624,126.924191,'1+1=477 ?','x','힌트지롱','ox');
INSERT INTO `questions` VALUES (487,19,'4115','여의도','9','915',37.521624,126.924191,'1+1=478 ?','x','힌트지롱','ox');
INSERT INTO `questions` VALUES (488,19,'1006','영등포','1','139',37.515504,126.907628,'1+1=479 ?','x','힌트지롱','ox');
INSERT INTO `questions` VALUES (489,19,'2524','영등포구청','5','523',37.52497,126.895951,'1+1=480 ?','x','힌트지롱','ox');
INSERT INTO `questions` VALUES (490,19,'0236','영등포구청','2','236',37.52497,126.895951,'1+1=481 ?','x','힌트지롱','ox');
INSERT INTO `questions` VALUES (491,19,'2525','영등포시장','5','524',37.522669,126.905139,'1+1=482 ?','x','힌트지롱','ox');
INSERT INTO `questions` VALUES (492,19,'1276','탄현','K','K327',37.694023,126.761086,'1+1=483 ?','x','힌트지롱','ox');
INSERT INTO `questions` VALUES (493,19,'4615','탑석','U','U125',37.733579,127.088704,'1+1=484 ?','x','힌트지롱','ox');
INSERT INTO `questions` VALUES (494,20,'2739','남성','7','737',37.484596,126.971251,'1+1=485 ?','x','힌트지롱','ox');
INSERT INTO `questions` VALUES (495,20,'4118','노들','9','918',37.512887,126.953222,'1+1=486 ?','x','힌트지롱','ox');
INSERT INTO `questions` VALUES (496,20,'4117','노량진','9','917',37.514219,126.942454,'1+1=487 ?','x','힌트지롱','ox');
INSERT INTO `questions` VALUES (497,20,'1004','노량진','1','136',37.514219,126.942454,'1+1=488 ?','x','힌트지롱','ox');
INSERT INTO `questions` VALUES (498,20,'4120','동작','9','920',37.502971,126.979306,'1+1=489 ?','x','힌트지롱','ox');
INSERT INTO `questions` VALUES (499,20,'0431','동작','4','431',37.502971,126.979306,'1+1=490 ?','x','힌트지롱','ox');
INSERT INTO `questions` VALUES (500,20,'0433','사당','4','433',37.47653,126.981685,'1+1=491 ?','x','힌트지롱','ox');
INSERT INTO `questions` VALUES (501,20,'0226','사당','2','226',37.47653,126.981685,'1+1=492 ?','x','힌트지롱','ox');
INSERT INTO `questions` VALUES (502,20,'2741','상도','7','739',37.502834,126.94791,'1+1=493 ?','x','힌트지롱','ox');
INSERT INTO `questions` VALUES (503,20,'2740','숭실대입구','7','738',37.496029,126.953822,'1+1=494 ?','x','힌트지롱','ox');
INSERT INTO `questions` VALUES (504,20,'0231','신대방','2','231',37.487462,126.913149,'1+1=495 ?','x','힌트지롱','ox');
INSERT INTO `questions` VALUES (505,20,'2743','신대방삼거리','7','741',37.499701,126.928276,'1+1=496 ?','x','힌트지롱','ox');
INSERT INTO `questions` VALUES (506,20,'2742','장승배기','7','740',37.504898,126.93915,'1+1=497 ?','x','힌트지롱','ox');
INSERT INTO `questions` VALUES (507,20,'2738','총신대입구(이수)','7','736',37.486263,126.981989,'1+1=498 ?','x','힌트지롱','ox');
INSERT INTO `questions` VALUES (508,20,'0432','총신대입구(이수)','4','432',37.486263,126.981989,'1+1=499 ?','x','힌트지롱','ox');
INSERT INTO `questions` VALUES (509,20,'1852','태평','B','K224',37.440019,127.127709,'1+1=500 ?','x','힌트지롱','ox');
INSERT INTO `questions` VALUES (510,20,'1283','파주','K','K334',37.815298,126.792783,'1+1=501 ?','x','힌트지롱','ox');
INSERT INTO `questions` VALUES (511,20,'4119','흑석','9','919',37.50877,126.963708,'1+1=502 ?','x','힌트지롱','ox');
INSERT INTO `questions` VALUES (512,21,'0227','낙성대','2','227',37.47693,126.963693,'1+1=503 ?','x','힌트지롱','ox');
INSERT INTO `questions` VALUES (513,21,'0229','봉천','2','229',37.482362,126.941892,'1+1=504 ?','x','힌트지롱','ox');
INSERT INTO `questions` VALUES (514,21,'0228','서울대입구','2','228',37.481247,126.952739,'1+1=505 ?','x','힌트지롱','ox');
INSERT INTO `questions` VALUES (515,21,'0230','신림','2','230',37.484201,126.929715,'1+1=506 ?','x','힌트지롱','ox');
INSERT INTO `questions` VALUES (516,21,'4311','판교','S','D11',37.394761,127.111217,'1+1=507 ?','x','힌트지롱','ox');
INSERT INTO `questions` VALUES (517,21,'1501','판교','KK','K410',37.394761,127.111217,'1+1=508 ?','x','힌트지롱','ox');
INSERT INTO `questions` VALUES (518,21,'1210','팔당','K','K128',37.547371,127.243939,'1+1=509 ?','x','힌트지롱','ox');
INSERT INTO `questions` VALUES (519,22,'4123','고속터미널','9','923',37.50481,127.004943,'1+1=510 ?','x','힌트지롱','ox');
INSERT INTO `questions` VALUES (520,22,'2736','고속터미널','7','734',37.50481,127.004943,'1+1=511 ?','x','힌트지롱','ox');
INSERT INTO `questions` VALUES (521,22,'0329','고속터미널','3','339',37.50481,127.004943,'1+1=512 ?','x','힌트지롱','ox');
INSERT INTO `questions` VALUES (522,22,'0223','교대','2','223',37.493415,127.01408,'1+1=513 ?','x','힌트지롱','ox');
INSERT INTO `questions` VALUES (523,22,'0330','교대','3','340',37.493415,127.01408,'1+1=514 ?','x','힌트지롱','ox');
INSERT INTO `questions` VALUES (524,22,'4121','구반포','9','921',37.501364,126.987332,'1+1=515 ?','x','힌트지롱','ox');
INSERT INTO `questions` VALUES (525,22,'0331','남부터미널','3','341',37.485013,127.016189,'1+1=516 ?','x','힌트지롱','ox');
INSERT INTO `questions` VALUES (526,22,'0434','남태령','4','434',37.463873,126.989134,'1+1=517 ?','x','힌트지롱','ox');
INSERT INTO `questions` VALUES (527,22,'2737','내방','7','735',37.487618,126.993513,'1+1=518 ?','x','힌트지롱','ox');
INSERT INTO `questions` VALUES (528,22,'0225','방배','2','225',37.481426,126.997596,'1+1=519 ?','x','힌트지롱','ox');
INSERT INTO `questions` VALUES (529,22,'4124','사평','9','924',37.504206,127.015259,'1+1=520 ?','x','힌트지롱','ox');
INSERT INTO `questions` VALUES (530,22,'0224','서초','2','224',37.491897,127.007917,'1+1=521 ?','x','힌트지롱','ox');
INSERT INTO `questions` VALUES (531,22,'4122','신반포','9','922',37.503415,126.995925,'1+1=522 ?','x','힌트지롱','ox');
INSERT INTO `questions` VALUES (532,22,'4308','양재','S','D8',37.484147,127.034631,'1+1=523 ?','x','힌트지롱','ox');
INSERT INTO `questions` VALUES (533,22,'4309','양재시민의숲','S','D9',37.470023,127.03842,'1+1=524 ?','x','힌트지롱','ox');
INSERT INTO `questions` VALUES (534,22,'4310','청계산입구','S','D10',37.447211,127.055664,'1+1=525 ?','x','힌트지롱','ox');
INSERT INTO `questions` VALUES (535,22,'1456','평촌','4','441',37.394287,126.963883,'1+1=526 ?','x','힌트지롱','ox');
INSERT INTO `questions` VALUES (536,22,'1724','평택','1','P165',36.990726,127.085159,'1+1=527 ?','x','힌트지롱','ox');
INSERT INTO `questions` VALUES (537,23,'4307','강남','S','D7',37.497175,127.027926,'1+1=528 ?','x','힌트지롱','ox');
INSERT INTO `questions` VALUES (538,23,'0222','강남','2','222',37.497175,127.027926,'1+1=529 ?','x','힌트지롱','ox');
INSERT INTO `questions` VALUES (539,23,'1849','강남구청','B','K213',37.517186,127.04128,'1+1=530 ?','x','힌트지롱','ox');
INSERT INTO `questions` VALUES (540,23,'2732','강남구청','7','730',37.517186,127.04128,'1+1=531 ?','x','힌트지롱','ox');
INSERT INTO `questions` VALUES (541,23,'1027','개포동','B','k219',37.489116,127.06614,'1+1=532 ?','x','힌트지롱','ox');
INSERT INTO `questions` VALUES (542,23,'1026','구룡','B','k218',37.486839,127.058856,'1+1=533 ?','x','힌트지롱','ox');
INSERT INTO `questions` VALUES (543,23,'2734','논현','7','732',37.511093,127.021415,'1+1=534 ?','x','힌트지롱','ox');
INSERT INTO `questions` VALUES (544,23,'1028','대모산입구','B','k220',37.491373,127.07272,'1+1=535 ?','x','힌트지롱','ox');
INSERT INTO `questions` VALUES (545,23,'0337','대청','3','347',37.493514,127.079532,'1+1=536 ?','x','힌트지롱','ox');
INSERT INTO `questions` VALUES (546,23,'0335','대치','3','345',37.494612,127.063642,'1+1=537 ?','x','힌트지롱','ox');
INSERT INTO `questions` VALUES (547,23,'1025','도곡','B','K217',37.490858,127.055381,'1+1=538 ?','x','힌트지롱','ox');
INSERT INTO `questions` VALUES (548,23,'0334','도곡','3','344',37.490858,127.055381,'1+1=539 ?','x','힌트지롱','ox');
INSERT INTO `questions` VALUES (549,23,'0333','매봉','3','343',37.486947,127.046769,'1+1=540 ?','x','힌트지롱','ox');
INSERT INTO `questions` VALUES (550,23,'0219','삼성','2','219',37.508844,127.06316,'1+1=541 ?','x','힌트지롱','ox');
INSERT INTO `questions` VALUES (551,23,'1023','선릉','B','K215',37.504503,127.049008,'1+1=542 ?','x','힌트지롱','ox');
INSERT INTO `questions` VALUES (552,23,'0220','선릉','2','220',37.504503,127.049008,'1+1=543 ?','x','힌트지롱','ox');
INSERT INTO `questions` VALUES (553,23,'1030','수서','B','K221',37.487371,127.10188,'1+1=544 ?','x','힌트지롱','ox');
INSERT INTO `questions` VALUES (554,23,'4125','신논현','9','925',37.504598,127.02506,'1+1=545 ?','x','힌트지롱','ox');
INSERT INTO `questions` VALUES (555,23,'0327','신사','3','337',37.516334,127.020114,'1+1=546 ?','x','힌트지롱','ox');
INSERT INTO `questions` VALUES (556,23,'0326','압구정','3','336',37.527072,127.028461,'1+1=547 ?','x','힌트지롱','ox');
INSERT INTO `questions` VALUES (557,23,'0221','역삼','2','221',37.500622,127.036456,'1+1=548 ?','x','힌트지롱','ox');
INSERT INTO `questions` VALUES (558,23,'0338','일원','3','348',37.483681,127.08439,'1+1=549 ?','x','힌트지롱','ox');
INSERT INTO `questions` VALUES (559,23,'2731','청담','7','729',37.519365,127.05335,'1+1=550 ?','x','힌트지롱','ox');
INSERT INTO `questions` VALUES (560,23,'1274','풍산','K','K325',37.672346,126.786243,'1+1=551 ?','x','힌트지롱','ox');
INSERT INTO `questions` VALUES (561,23,'2733','학동','7','731',37.514229,127.031656,'1+1=552 ?','x','힌트지롱','ox');
INSERT INTO `questions` VALUES (562,23,'0336','학여울','3','346',37.496663,127.070594,'1+1=553 ?','x','힌트지롱','ox');
INSERT INTO `questions` VALUES (563,23,'1024','한티','B','k216',37.496237,127.052873,'1+1=554 ?','x','힌트지롱','ox');
INSERT INTO `questions` VALUES (564,24,'2818','가락시장','8','817',37.492522,127.118234,'1+1=555 ?','x','힌트지롱','ox');
INSERT INTO `questions` VALUES (565,24,'0340','가락시장','3.0','350',37.492522,127.118234,'1+1=556 ?','x','힌트지롱','ox');
INSERT INTO `questions` VALUES (566,24,'2559','개롱','5','P553',37.498079,127.13482,'1+1=557 ?','x','힌트지롱','ox');
INSERT INTO `questions` VALUES (567,24,'2560','거여','5','P554',37.493105,127.14415,'1+1=558 ?','x','힌트지롱','ox');
INSERT INTO `questions` VALUES (568,24,'0341','경찰병원','3','351',37.495918,127.12454,'1+1=559 ?','x','힌트지롱','ox');
INSERT INTO `questions` VALUES (569,24,'2561','마천','5','P555',37.49499,127.152781,'1+1=560 ?','x','힌트지롱','ox');
INSERT INTO `questions` VALUES (570,24,'2814','몽촌토성','8','813',37.517409,127.112359,'1+1=561 ?','x','힌트지롱','ox');
INSERT INTO `questions` VALUES (571,24,'2819','문정','8','818',37.485855,127.1225,'1+1=562 ?','x','힌트지롱','ox');
INSERT INTO `questions` VALUES (572,24,'2557','방이','5','P551',37.508857,127.126133,'1+1=563 ?','x','힌트지롱','ox');
INSERT INTO `questions` VALUES (573,24,'2821','복정','8','820',37.470047,127.126662,'1+1=564 ?','x','힌트지롱','ox');
INSERT INTO `questions` VALUES (574,24,'1031','복정','B','K222',37.470047,127.126662,'1+1=565 ?','x','힌트지롱','ox');
INSERT INTO `questions` VALUES (575,24,'2816','석촌','8','815',37.505431,127.106979,'1+1=566 ?','x','힌트지롱','ox');
INSERT INTO `questions` VALUES (576,24,'2817','송파','8','816',37.499703,127.112183,'1+1=567 ?','x','힌트지롱','ox');
INSERT INTO `questions` VALUES (577,24,'2556','올림픽공원','5','P550',37.516078,127.130848,'1+1=568 ?','x','힌트지롱','ox');
INSERT INTO `questions` VALUES (578,24,'2815','잠실','8','814',37.51395,127.102234,'1+1=569 ?','x','힌트지롱','ox');
INSERT INTO `questions` VALUES (579,24,'0216','잠실','2','216',37.51395,127.102234,'1+1=570 ?','x','힌트지롱','ox');
INSERT INTO `questions` VALUES (580,24,'0215','잠실나루','2','215',37.520733,127.10379,'1+1=571 ?','x','힌트지롱','ox');
INSERT INTO `questions` VALUES (581,24,'0217','잠실새내','2','217',37.511687,127.086162,'1+1=572 ?','x','힌트지롱','ox');
INSERT INTO `questions` VALUES (582,24,'2820','장지','8','819',37.478703,127.126191,'1+1=573 ?','x','힌트지롱','ox');
INSERT INTO `questions` VALUES (583,24,'0218','종합운동장','2','218',37.510997,127.073642,'1+1=574 ?','x','힌트지롱','ox');
INSERT INTO `questions` VALUES (584,24,'4130','종합운동장','9','930',37.510997,127.073642,'1+1=575 ?','x','힌트지롱','ox');
INSERT INTO `questions` VALUES (585,25,'2549','강동','5','548',37.535804,127.132481,'1+1=576 ?','x','힌트지롱','ox');
INSERT INTO `questions` VALUES (586,25,'2813','강동구청','8','812',37.530341,127.120508,'1+1=577 ?','x','힌트지롱','ox');
INSERT INTO `questions` VALUES (587,25,'2553','고덕','5','552',37.555004,127.154151,'1+1=578 ?','x','힌트지롱','ox');
INSERT INTO `questions` VALUES (588,25,'2551','굽은다리','5','550',37.545477,127.142853,'1+1=579 ?','x','힌트지롱','ox');
INSERT INTO `questions` VALUES (589,25,'2550','길동','5','549',37.537801,127.140004,'1+1=580 ?','x','힌트지롱','ox');
INSERT INTO `questions` VALUES (590,25,'2555','둔촌동','5','P549',37.527788,127.136248,'1+1=581 ?','x','힌트지롱','ox');
INSERT INTO `questions` VALUES (591,25,'2552','명일','5','551',37.55137,127.143999,'1+1=582 ?','x','힌트지롱','ox');
INSERT INTO `questions` VALUES (592,25,'2554','상일동','5','553',37.556712,127.166417,'1+1=583 ?','x','힌트지롱','ox');
INSERT INTO `questions` VALUES (593,25,'2811','암사','8','810',37.55021,127.127562,'1+1=584 ?','x','힌트지롱','ox');
INSERT INTO `questions` VALUES (594,25,'2812','천호','8','811',37.538397,127.123572,'1+1=585 ?','x','힌트지롱','ox');
INSERT INTO `questions` VALUES (595,25,'2548','천호','5','547',37.538397,127.123572,'1+1=586 ?','x','힌트지롱','ox');
INSERT INTO `questions` VALUES (596,26,'2750','광명사거리','7','748',37.479252,126.854876,'1+1=587 ?','x','힌트지롱','ox');
INSERT INTO `questions` VALUES (597,26,'2749','철산','7','747',37.47605,126.867911,'1+1=588 ?','x','힌트지롱','ox');
INSERT INTO `questions` VALUES (598,26,'1755','한대앞','4','449',37.309689,126.85344,'1+1=589 ?','x','힌트지롱','ox');
INSERT INTO `questions` VALUES (599,26,'1270','행신','K','K320',37.612102,126.834146,'1+1=590 ?','x','힌트지롱','ox');
INSERT INTO `questions` VALUES (600,26,'1264','홍대입구','K','K314',37.557192,126.925381,'1+1=591 ?','x','힌트지롱','ox');
INSERT INTO `questions` VALUES (601,26,'1293','홍대입구','A','A03',37.557192,126.925381,'1+1=592 ?','x','힌트지롱','ox');
INSERT INTO `questions` VALUES (602,26,'0239','홍대입구','2','239',37.557192,126.925381,'1+1=593 ?','x','힌트지롱','ox');
INSERT INTO `questions` VALUES (603,26,'2647','화랑대','6','646',37.620064,127.084689,'1+1=594 ?','x','힌트지롱','ox');
INSERT INTO `questions` VALUES (604,26,'1712','화서','1','P154',37.283862,126.989627,'1+1=595 ?','x','힌트지롱','ox');
INSERT INTO `questions` VALUES (605,26,'1268','화전','K','K318',37.602888,126.868387,'1+1=596 ?','x','힌트지롱','ox');
INSERT INTO `questions` VALUES (606,26,'1952','화정','3','316',37.634592,126.83265,'1+1=597 ?','x','힌트지롱','ox');
INSERT INTO `questions` VALUES (607,26,'4602','회룡','U','U111',37.724846,127.046895,'1+1=598 ?','x','힌트지롱','ox');
INSERT INTO `questions` VALUES (608,26,'1905','회룡','1','111',37.724846,127.046895,'1+1=599 ?','x','힌트지롱','ox');
INSERT INTO `questions` VALUES (609,26,'4611','효자','U','U121',37.754025,127.076902,'1+1=600 ?','x','힌트지롱','ox');
INSERT INTO `questions` VALUES (610,26,'4606','흥선','U','U115',37.743302,127.037023,'1+1=18?','x','없음','ox');
INSERT INTO `questions` VALUES (1002,26,'1818.0','운학집','A','U111',37.456434,126.696099,'1+1=467 ?','x','힌트지롱','ox');
CREATE TABLE IF NOT EXISTS `grades` (
	`id`	INTEGER NOT NULL,
	`correct`	INTEGER,
	`grade`	VARCHAR ( 64 ),
	`hint`	INTEGER,
	PRIMARY KEY(`id`)
);
INSERT INTO `grades` VALUES (1,0,'Unrank',1);
INSERT INTO `grades` VALUES (2,1,'Bronze',2);
INSERT INTO `grades` VALUES (3,3,'Silver',3);
INSERT INTO `grades` VALUES (4,5,'Gold',4);
INSERT INTO `grades` VALUES (5,7,'Platinum',5);
INSERT INTO `grades` VALUES (6,8,'Diamond',6);
INSERT INTO `grades` VALUES (7,10,'Master',7);
INSERT INTO `grades` VALUES (8,11,'Challenger',8);
COMMIT;
